rpg_conversation_id,validating_emotions,encouraging_elaboration,demonstrating_understanding,advice_giving,self_oriented,dismissing_emotions,annotation_method,rpg,perceived_conversation_id,m_understood,m_validated,m_affirmed,m_seen,m_accepted,m_caredfor,m_emotional,m_practical,m_motivation,annotation_method,perceived_empathy,empathetic_conversation_id,empathy,relevance,fluency,annotation_method,empatheticdialogues,epitome_conversation_id,rp_id,level_emotional_reactions,level_interpretations,level_explorations,annotation_method,epitome
20241031124050492385,2.0,1.0,1.0,3.0,1.0,2.0,expert1,,56e8bf5a870a8e000b4a8d6e,2.0,1.0,1.0,1.0,1.0,1.0,1.0,1.0,2.0,expert1,,hit:10145_conv:20290,4.0,5.0,5.0,expert1,,41g07l,cz26vua,1.0,1.0,2.0,expert1,
20241031124638971163,2.0,1.0,1.0,2.0,5.0,1.0,expert1,,57e7bb4e73e67300012b8e2a,1.0,1.0,1.0,1.0,1.0,1.0,1.0,3.0,3.0,expert1,,hit:10264_conv:20529,3.0,5.0,4.0,expert1,,43dc0h,czhnmqd,0.0,0.0,0.0,expert1,
20241031125810052721,1.0,1.0,2.0,2.0,1.0,1.0,expert1,,58509fbda6946500016117ed,5.0,5.0,5.0,5.0,5.0,4.0,4.0,5.0,5.0,expert1,,hit:11090_conv:22181,4.0,5.0,4.0,expert1,,46rnxz,d07n05c,0.0,1.0,0.0,expert1,
20241031125849757353,3.0,3.0,4.0,4.0,1.0,2.0,expert1,,5850d667b64b9e00017cb722,5.0,5.0,5.0,5.0,4.0,4.0,5.0,1.0,4.0,expert1,,hit:11447_conv:22894,1.0,2.0,2.0,expert1,,47jmki,d0djxlk,1.0,0.0,0.0,expert1,
20241031130310482335,1.0,3.0,1.0,1.0,1.0,1.0,expert1,,59e7477e3e4b5a00016aa4d2,1.0,1.0,1.0,1.0,1.0,2.0,1.0,3.0,2.0,expert1,,hit:11786_conv:23572,2.0,3.0,5.0,expert1,,4kz2qw,d3j6efd,0.0,0.0,0.0,expert1,
20241031131104204354,1.0,2.0,1.0,2.0,1.0,3.0,expert1,,5bcc2cee0ba8a400012592f9,3.0,3.0,3.0,4.0,2.0,2.0,2.0,2.0,3.0,expert1,,hit:11794_conv:23589,1.0,1.0,5.0,expert1,,4re82s,d50d07m,1.0,1.0,0.0,expert1,
20241031141852450492,2.0,1.0,1.0,2.0,2.0,2.0,expert1,,5bfd81fb2feab400014d9060,3.0,3.0,3.0,3.0,3.0,5.0,4.0,6.0,6.0,expert1,,hit:12057_conv:24115,4.0,5.0,5.0,expert1,,5o2dfv,dcg770i,1.0,0.0,2.0,expert1,
20241031142002371691,2.0,3.0,1.0,3.0,1.0,1.0,expert1,,5c0fcccc1f6f150001487111,3.0,3.0,2.0,2.0,1.0,2.0,2.0,2.0,4.0,expert1,,hit:12267_conv:24535,3.0,3.0,5.0,expert1,,5oc1v6,dcia967,0.0,0.0,0.0,expert1,
20241031142025401692,1.0,2.0,1.0,2.0,3.0,3.0,expert1,,5c5b9ed5cdae0e0001c1b261,5.0,1.0,1.0,5.0,1.0,1.0,3.0,1.0,2.0,expert1,,hit:12276_conv:24553,5.0,5.0,5.0,expert1,,5pklsj,dcs78f7,0.0,0.0,0.0,expert1,
20241031142326744348,1.0,2.0,1.0,2.0,1.0,3.0,expert1,,5cb489ff0cd1ed0017465d19,6.0,5.0,5.0,6.0,5.0,6.0,5.0,4.0,5.0,expert1,,hit:1490_conv:2981,2.0,5.0,5.0,expert1,,5udu49,ddtar8i,1.0,1.0,1.0,expert1,
20241031142343248156,1.0,2.0,1.0,3.0,3.0,2.0,expert1,,5d8e64ab4e055600157a3d90,5.0,5.0,3.0,3.0,4.0,4.0,4.0,5.0,5.0,expert1,,hit:1502_conv:3005,3.0,5.0,5.0,expert1,,5ziak3,deyb83s,1.0,0.0,0.0,expert1,
20241031142609584451,1.0,3.0,1.0,3.0,1.0,1.0,expert1,,5dab673188c639001080bec6,4.0,4.0,4.0,4.0,3.0,3.0,4.0,1.0,3.0,expert1,,hit:1670_conv:3341,2.0,5.0,5.0,expert1,,64vfny,dg5dua3,0.0,0.0,1.0,expert1,
20241031142631374406,1.0,1.0,1.0,3.0,1.0,3.0,expert1,,5dcf0b7cffc3d8063f916612,4.0,4.0,5.0,4.0,4.0,5.0,3.0,5.0,4.0,expert1,,hit:2088_conv:4177,3.0,3.0,4.0,expert1,,68qep0,dh0heoe,1.0,1.0,0.0,expert1,
20241031142911674809,4.0,3.0,2.0,1.0,1.0,1.0,expert1,,5e1c71e9114df8000dddf2d6,4.0,1.0,1.0,3.0,3.0,5.0,3.0,5.0,5.0,expert1,,hit:2097_conv:4194,4.0,5.0,5.0,expert1,,6ay35x,dhiscyo,0.0,0.0,0.0,expert1,
20241031142922509539,2.0,2.0,1.0,2.0,1.0,2.0,expert1,,5e84f020507cd30b367b2624,4.0,4.0,3.0,3.0,3.0,5.0,2.0,5.0,4.0,expert1,,hit:3104_conv:6209,3.0,4.0,5.0,expert1,,6d8bpd,di0nlb2,0.0,0.0,0.0,expert1,
20241031142939150275,1.0,3.0,2.0,1.0,1.0,2.0,expert1,,5ee5e3b02eebe932ee9559c5,3.0,4.0,2.0,4.0,2.0,4.0,3.0,4.0,4.0,expert1,,hit:3379_conv:6758,3.0,5.0,5.0,expert1,,6jy2ha,djhwgs6,1.0,0.0,0.0,expert1,
20241031143012041613,1.0,2.0,1.0,2.0,1.0,2.0,expert1,,5f4738bfa043201203a27b4b,5.0,5.0,5.0,5.0,3.0,4.0,5.0,2.0,4.0,expert1,,hit:3636_conv:7272,3.0,4.0,5.0,expert1,,6l2ex7,djr0aur,2.0,2.0,0.0,expert1,
20241031143018571296,2.0,2.0,1.0,4.0,3.0,2.0,expert1,,5f81ead00afba52e71dcf414,5.0,7.0,5.0,7.0,7.0,5.0,6.0,1.0,6.0,expert1,,hit:3735_conv:7470,1.0,4.0,5.0,expert1,,6m2aki,djzoxjg,0.0,0.0,0.0,expert1,
20241031143028878832,1.0,1.0,1.0,5.0,1.0,5.0,expert1,,5fc3d41149c0c8728f07b95b,4.0,4.0,4.0,3.0,4.0,5.0,5.0,5.0,5.0,expert1,,hit:3931_conv:7863,2.0,5.0,5.0,expert1,,71c0m3,dn9pkff,1.0,0.0,0.0,expert1,
20241031143107374365,2.0,2.0,1.0,2.0,1.0,2.0,expert1,,5fdfab734a329d034b0ea666,3.0,1.0,1.0,3.0,1.0,3.0,2.0,3.0,3.0,expert1,,hit:3961_conv:7922,2.0,5.0,5.0,expert1,,73cm60,dnpb3ft,0.0,0.0,0.0,expert1,
20241031143420587455,2.0,2.0,1.0,2.0,1.0,1.0,expert1,,60008e2ee4d8c913c602e0cd,4.0,4.0,3.0,4.0,3.0,4.0,4.0,5.0,5.0,expert1,,hit:401_conv:803,3.0,4.0,3.0,expert1,,78539v,dor647q,2.0,1.0,0.0,expert1,
20241031143614621777,3.0,3.0,2.0,1.0,1.0,1.0,expert1,,603fa7d057d382087d66d1c2,3.0,1.0,1.0,3.0,2.0,2.0,2.0,1.0,1.0,expert1,,hit:4090_conv:8181,2.0,5.0,5.0,expert1,,78chdu,doss7uo,0.0,0.0,0.0,expert1,
20241031143623775499,1.0,2.0,1.0,3.0,2.0,2.0,expert1,,608bfa04767191aa4d57bfd8,3.0,3.0,3.0,3.0,3.0,3.0,3.0,4.0,4.0,expert1,,hit:4103_conv:8207,5.0,4.0,4.0,expert1,,79ws1b,dp5j55v,0.0,0.0,0.0,expert1,
20241031143714391442,2.0,5.0,1.0,1.0,1.0,1.0,expert1,,609122350e5b8e743ab41f79,5.0,4.0,4.0,5.0,5.0,6.0,5.0,4.0,4.0,expert1,,hit:4233_conv:8466,2.0,4.0,5.0,expert1,,7bae7a,dphh2hi,0.0,2.0,0.0,expert1,
20241031143721849193,1.0,1.0,1.0,4.0,1.0,5.0,expert1,,60f4e3ab507bbb123f866e88,4.0,2.0,1.0,2.0,1.0,2.0,3.0,3.0,3.0,expert1,,hit:4345_conv:8691,4.0,5.0,3.0,expert1,,7ce4za,dpp7tc5,0.0,1.0,0.0,expert1,
20241031143941950562,1.0,2.0,1.0,1.0,2.0,1.0,expert1,,60fd080d5476f4a77211bafb,3.0,2.0,2.0,2.0,2.0,2.0,3.0,1.0,1.0,expert1,,hit:4722_conv:9445,3.0,5.0,5.0,expert1,,7f5fsf,dq9m34m,0.0,1.0,0.0,expert1,
20241031144011171565,2.0,2.0,1.0,1.0,1.0,1.0,expert1,,60fd462512ad2ae6071668f3,3.0,2.0,2.0,2.0,2.0,2.0,3.0,3.0,2.0,expert1,,hit:478_conv:956,4.0,3.0,3.0,expert1,,7faqco,dqasc1x,0.0,0.0,0.0,expert1,
20241031144225966527,1.0,3.0,1.0,4.0,1.0,1.0,expert1,,614e7ad7ff5a0d785d5e550a,4.0,5.0,5.0,3.0,3.0,5.0,4.0,4.0,5.0,expert1,,hit:4844_conv:9689,4.0,5.0,5.0,expert1,,7rmqzi,dsy41wd,1.0,0.0,0.0,expert1,
20241031144237228364,1.0,2.0,1.0,2.0,1.0,2.0,expert1,,629531cb501e6d23d9797050,1.0,1.0,1.0,1.0,1.0,6.0,1.0,7.0,6.0,expert1,,hit:529_conv:1059,3.0,4.0,5.0,expert1,,7xxfqn,duby1kh,1.0,0.0,0.0,expert1,
20241031144350174874,2.0,3.0,1.0,2.0,3.0,1.0,expert1,,629668d2eeced89db00b93bf,3.0,4.0,4.0,3.0,3.0,2.0,3.0,3.0,2.0,expert1,,hit:5323_conv:10646,3.0,5.0,5.0,expert1,,7yo4vo,duhyac3,1.0,1.0,0.0,expert1,
20241031144401095945,1.0,1.0,1.0,2.0,1.0,4.0,expert1,,62cbf51439a76e8fccd8a495,3.0,3.0,3.0,3.0,1.0,2.0,3.0,1.0,3.0,expert1,,hit:5574_conv:11149,2.0,5.0,4.0,expert1,,857ps1,dvve0kf,0.0,1.0,1.0,expert1,
20241031144410053256,1.0,3.0,4.0,1.0,1.0,1.0,expert1,,62e05a40c77214b0772d5596,3.0,3.0,4.0,3.0,4.0,4.0,4.0,6.0,4.0,expert1,,hit:5579_conv:11158,5.0,5.0,5.0,expert1,,88gtly,dwki84l,0.0,1.0,0.0,expert1,
20241031144618187410,2.0,3.0,1.0,2.0,1.0,1.0,expert1,,632e9aa62793c18a857aece4,5.0,5.0,4.0,5.0,3.0,5.0,4.0,1.0,4.0,expert1,,hit:6053_conv:12106,1.0,5.0,5.0,expert1,,88x2l7,dwnvlat,1.0,0.0,1.0,expert1,
20241031144657019855,2.0,3.0,1.0,2.0,1.0,2.0,expert1,,63386e75b02c4d7013c1198b,6.0,7.0,5.0,6.0,5.0,7.0,6.0,4.0,6.0,expert1,,hit:6367_conv:12734,4.0,5.0,4.0,expert1,,88x9zy,dwpez20,0.0,0.0,0.0,expert1,
20241031144740239368,2.0,2.0,1.0,3.0,3.0,1.0,expert1,,6361560a2e3e691ad312fed2,3.0,2.0,2.0,1.0,1.0,1.0,1.0,4.0,3.0,expert1,,hit:6613_conv:13226,2.0,4.0,5.0,expert1,,8fzl06,dy7mpoe,0.0,0.0,0.0,expert1,
20241031144856903579,1.0,2.0,2.0,2.0,1.0,1.0,expert1,,6387db71396bd54b2e9fcd09,3.0,2.0,2.0,2.0,2.0,2.0,3.0,3.0,2.0,expert1,,hit:6759_conv:13519,5.0,5.0,5.0,expert1,,8ix424,dywk9hy,1.0,1.0,2.0,expert1,
20241031145050008738,1.0,3.0,1.0,2.0,1.0,2.0,expert1,,638bb18e1bd657c755e5148f,4.0,3.0,3.0,4.0,4.0,5.0,4.0,6.0,6.0,expert1,,hit:7112_conv:14224,3.0,4.0,5.0,expert1,,8w0orm,e1ruepi,1.0,0.0,0.0,expert1,
20241031145103738386,1.0,4.0,1.0,2.0,1.0,2.0,expert1,,6390fd9157f0dc14e247a0d6,2.0,1.0,1.0,4.0,4.0,5.0,3.0,6.0,5.0,expert1,,hit:7797_conv:15594,5.0,5.0,5.0,expert1,,92z9nn,e3a2xof,0.0,1.0,2.0,expert1,
20241031145117414259,1.0,3.0,2.0,2.0,3.0,2.0,expert1,,639dd20ab47fd76a4fd9c2c0,4.0,4.0,5.0,5.0,4.0,4.0,4.0,3.0,5.0,expert1,,hit:8012_conv:16024,5.0,5.0,5.0,expert1,,96kkj0,e4173mc,1.0,0.0,1.0,expert1,
20241031145139367719,2.0,2.0,1.0,3.0,1.0,1.0,expert1,,63c13fcab1eda5bbe034a17c,4.0,3.0,3.0,4.0,4.0,6.0,3.0,5.0,5.0,expert1,,hit:8290_conv:16581,5.0,5.0,5.0,expert1,,97keuy,e48xfwa,0.0,0.0,0.0,expert1,
20241031145619979111,4.0,4.0,1.0,1.0,1.0,1.0,expert1,,63d13d00a2e69ec8e1956a07,5.0,2.0,2.0,3.0,1.0,1.0,2.0,1.0,4.0,expert1,,hit:8311_conv:16622,5.0,3.0,5.0,expert1,,982bo3,e4d9lz8,0.0,1.0,0.0,expert1,
20241031145640298594,2.0,4.0,4.0,1.0,2.0,2.0,expert1,,63d1834e69a637cd32f16634,6.0,6.0,6.0,6.0,4.0,4.0,5.0,1.0,4.0,expert1,,hit:8681_conv:17362,3.0,4.0,4.0,expert1,,99yrsp,e4req4x,0.0,0.0,0.0,expert1,
20241031145659196118,1.0,3.0,1.0,2.0,2.0,2.0,expert1,,63d455d193df3edfdfa6529f,6.0,5.0,5.0,3.0,1.0,4.0,5.0,1.0,4.0,expert1,,hit:887_conv:1775,3.0,5.0,5.0,expert1,,9t0b89,e8txotz,1.0,0.0,0.0,expert1,
20241031145710438129,1.0,3.0,1.0,1.0,1.0,1.0,expert1,,63d7eca29f0291aff53b003e,5.0,5.0,5.0,5.0,4.0,5.0,4.0,5.0,4.0,expert1,,hit:8986_conv:17972,5.0,5.0,5.0,expert1,,9u1441,e90or0r,0.0,1.0,1.0,expert1,
20241031145838989513,1.0,2.0,1.0,3.0,1.0,4.0,expert1,,63f77fef0855adb7fa65873d,2.0,2.0,1.0,3.0,1.0,3.0,1.0,5.0,4.0,expert1,,hit:9116_conv:18233,1.0,4.0,5.0,expert1,,9v6l4y,e9a6rlo,0.0,0.0,2.0,expert1,
20241031145848519908,2.0,1.0,2.0,1.0,1.0,1.0,expert1,,63fb73b8e64f455117b045b9,1.0,1.0,1.0,1.0,1.0,1.0,1.0,7.0,6.0,expert1,,hit:9338_conv:18676,3.0,5.0,5.0,expert1,,9vo55d,e9eqspg,0.0,0.0,0.0,expert1,
20241031150235217462,2.0,2.0,1.0,4.0,2.0,2.0,expert1,,6428f7ac297e312f7262d93b,5.0,5.0,4.0,5.0,5.0,5.0,4.0,4.0,5.0,expert1,,hit:9349_conv:18698,4.0,5.0,5.0,expert1,,9y3cea,eb4ngh9,0.0,0.0,0.0,expert1,
20241031150253617689,1.0,2.0,2.0,3.0,1.0,1.0,expert1,,6435d9620649d3801b71cc8b,5.0,6.0,6.0,6.0,4.0,5.0,6.0,3.0,5.0,expert1,,hit:965_conv:1930,1.0,5.0,5.0,expert1,,a2bynd,eawx6f6,0.0,0.0,0.0,expert1,
20241031150257546670,4.0,3.0,1.0,1.0,1.0,1.0,expert1,,6455616c0fe23ecca70ce1b9,1.0,1.0,1.0,1.0,1.0,4.0,1.0,4.0,5.0,expert1,,hit:9772_conv:19545,1.0,5.0,5.0,expert1,,aivw81,eer413s,0.0,1.0,0.0,expert1,
20241031150832963315,2.0,2.0,1.0,4.0,1.0,2.0,expert1,,6483b3662d98a34fa389dcd7,2.0,2.0,1.0,1.0,2.0,3.0,2.0,5.0,5.0,expert1,,hit:9988_conv:19976,3.0,5.0,5.0,expert1,,ajccfi,eeujjeh,0.0,1.0,0.0,expert1,
20241031124050492385,2.0,1.0,1.0,5.0,1.0,4.0,expert2,,56e8bf5a870a8e000b4a8d6e,1.0,1.0,1.0,1.0,1.0,1.0,1.0,1.0,1.0,expert2,,hit:10145_conv:20290,5.0,5.0,5.0,expert2,,41g07l,cz26vua,1.0,2.0,1.0,expert2,
20241031124638971163,3.0,1.0,2.0,2.0,3.0,1.0,expert2,,57e7bb4e73e67300012b8e2a,2.0,1.0,1.0,1.0,1.0,1.0,1.0,3.0,2.0,expert2,,hit:10264_conv:20529,5.0,5.0,5.0,expert2,,43dc0h,czhnmqd,1.0,1.0,0.0,expert2,
20241031125810052721,2.0,2.0,2.0,2.0,1.0,1.0,expert2,,58509fbda6946500016117ed,5.0,5.0,5.0,5.0,5.0,3.0,4.0,3.0,4.0,expert2,,hit:11090_conv:22181,5.0,5.0,5.0,expert2,,46rnxz,d07n05c,0.0,1.0,0.0,expert2,
20241031125849757353,3.0,2.0,2.0,2.0,1.0,1.0,expert2,,5850d667b64b9e00017cb722,5.0,5.0,5.0,5.0,5.0,4.0,5.0,2.0,4.0,expert2,,hit:11447_conv:22894,3.0,4.0,5.0,expert2,,47jmki,d0djxlk,1.0,1.0,0.0,expert2,
20241031130310482335,3.0,3.0,1.0,1.0,1.0,1.0,expert2,,59e7477e3e4b5a00016aa4d2,2.0,2.0,2.0,2.0,2.0,2.0,1.0,3.0,3.0,expert2,,hit:11786_conv:23572,5.0,5.0,5.0,expert2,,4kz2qw,d3j6efd,2.0,2.0,0.0,expert2,
20241031131104204354,2.0,1.0,1.0,2.0,1.0,1.0,expert2,,5bcc2cee0ba8a400012592f9,2.0,2.0,2.0,2.0,2.0,2.0,3.0,2.0,2.0,expert2,,hit:11794_conv:23589,1.0,1.0,4.0,expert2,,4re82s,d50d07m,1.0,1.0,0.0,expert2,
20241031141852450492,3.0,1.0,2.0,2.0,2.0,1.0,expert2,,5bfd81fb2feab400014d9060,4.0,4.0,4.0,4.0,4.0,3.0,5.0,4.0,4.0,expert2,,hit:12057_conv:24115,4.0,5.0,5.0,expert2,,5o2dfv,dcg770i,0.0,0.0,2.0,expert2,
20241031142002371691,3.0,3.0,1.0,3.0,1.0,1.0,expert2,,5c0fcccc1f6f150001487111,3.0,3.0,3.0,3.0,3.0,4.0,3.0,3.0,3.0,expert2,,hit:12267_conv:24535,5.0,5.0,5.0,expert2,,5oc1v6,dcia967,0.0,1.0,0.0,expert2,
20241031142025401692,2.0,2.0,1.0,3.0,1.0,2.0,expert2,,5c5b9ed5cdae0e0001c1b261,5.0,4.0,3.0,5.0,2.0,1.0,1.0,1.0,2.0,expert2,,hit:12276_conv:24553,5.0,5.0,5.0,expert2,,5pklsj,dcs78f7,0.0,0.0,0.0,expert2,
20241031142326744348,2.0,3.0,2.0,4.0,1.0,1.0,expert2,,5cb489ff0cd1ed0017465d19,5.0,5.0,5.0,5.0,5.0,4.0,2.0,3.0,4.0,expert2,,hit:1490_conv:2981,5.0,5.0,5.0,expert2,,5udu49,ddtar8i,2.0,2.0,2.0,expert2,
20241031142343248156,3.0,3.0,2.0,4.0,3.0,1.0,expert2,,5d8e64ab4e055600157a3d90,3.0,3.0,3.0,3.0,3.0,2.0,3.0,4.0,3.0,expert2,,hit:1502_conv:3005,4.0,5.0,5.0,expert2,,5ziak3,deyb83s,1.0,1.0,0.0,expert2,
20241031142609584451,1.0,4.0,1.0,3.0,1.0,1.0,expert2,,5dab673188c639001080bec6,4.0,4.0,4.0,4.0,4.0,4.0,4.0,1.0,2.0,expert2,,hit:1670_conv:3341,1.0,3.0,5.0,expert2,,64vfny,dg5dua3,0.0,0.0,1.0,expert2,
20241031142631374406,2.0,1.0,1.0,5.0,1.0,2.0,expert2,,5dcf0b7cffc3d8063f916612,3.0,3.0,3.0,3.0,3.0,4.0,4.0,3.0,3.0,expert2,,hit:2088_conv:4177,5.0,5.0,5.0,expert2,,68qep0,dh0heoe,2.0,2.0,0.0,expert2,
20241031142911674809,3.0,4.0,4.0,1.0,1.0,1.0,expert2,,5e1c71e9114df8000dddf2d6,5.0,4.0,4.0,5.0,4.0,4.0,2.0,5.0,5.0,expert2,,hit:2097_conv:4194,5.0,5.0,5.0,expert2,,6ay35x,dhiscyo,1.0,1.0,0.0,expert2,
20241031142922509539,4.0,3.0,2.0,2.0,1.0,1.0,expert2,,5e84f020507cd30b367b2624,5.0,5.0,5.0,5.0,5.0,5.0,2.0,5.0,5.0,expert2,,hit:3104_conv:6209,5.0,5.0,5.0,expert2,,6d8bpd,di0nlb2,1.0,1.0,0.0,expert2,
20241031142939150275,1.0,4.0,2.0,2.0,1.0,1.0,expert2,,5ee5e3b02eebe932ee9559c5,5.0,5.0,5.0,5.0,5.0,4.0,4.0,4.0,4.0,expert2,,hit:3379_conv:6758,5.0,5.0,5.0,expert2,,6jy2ha,djhwgs6,0.0,1.0,0.0,expert2,
20241031143012041613,2.0,2.0,1.0,3.0,1.0,1.0,expert2,,5f4738bfa043201203a27b4b,4.0,4.0,4.0,4.0,4.0,3.0,4.0,2.0,3.0,expert2,,hit:3636_conv:7272,4.0,5.0,5.0,expert2,,6l2ex7,djr0aur,1.0,2.0,0.0,expert2,
20241031143018571296,2.0,2.0,1.0,4.0,3.0,1.0,expert2,,5f81ead00afba52e71dcf414,6.0,6.0,6.0,6.0,6.0,6.0,6.0,1.0,5.0,expert2,,hit:3735_conv:7470,1.0,3.0,5.0,expert2,,6m2aki,djzoxjg,0.0,1.0,0.0,expert2,
20241031143028878832,2.0,1.0,2.0,4.0,1.0,1.0,expert2,,5fc3d41149c0c8728f07b95b,4.0,4.0,4.0,4.0,4.0,4.0,4.0,5.0,4.0,expert2,,hit:3931_conv:7863,3.0,4.0,5.0,expert2,,71c0m3,dn9pkff,1.0,1.0,0.0,expert2,
20241031143107374365,2.0,3.0,1.0,3.0,1.0,1.0,expert2,,5fdfab734a329d034b0ea666,2.0,2.0,2.0,2.0,2.0,2.0,2.0,3.0,2.0,expert2,,hit:3961_conv:7922,4.0,5.0,5.0,expert2,,73cm60,dnpb3ft,1.0,1.0,0.0,expert2,
20241031143420587455,3.0,3.0,3.0,2.0,1.0,1.0,expert2,,60008e2ee4d8c913c602e0cd,4.0,4.0,4.0,4.0,4.0,4.0,5.0,3.0,4.0,expert2,,hit:401_conv:803,2.0,3.0,4.0,expert2,,78539v,dor647q,2.0,2.0,1.0,expert2,
20241031143614621777,5.0,4.0,5.0,1.0,2.0,1.0,expert2,,603fa7d057d382087d66d1c2,2.0,2.0,2.0,2.0,2.0,2.0,2.0,1.0,2.0,expert2,,hit:4090_conv:8181,2.0,4.0,5.0,expert2,,78chdu,doss7uo,0.0,1.0,0.0,expert2,
20241031143623775499,3.0,2.0,1.0,3.0,2.0,1.0,expert2,,608bfa04767191aa4d57bfd8,4.0,4.0,4.0,4.0,4.0,4.0,4.0,3.0,3.0,expert2,,hit:4103_conv:8207,5.0,5.0,5.0,expert2,,79ws1b,dp5j55v,1.0,1.0,0.0,expert2,
20241031143714391442,3.0,3.0,4.0,1.0,1.0,1.0,expert2,,609122350e5b8e743ab41f79,4.0,4.0,4.0,4.0,4.0,4.0,5.0,4.0,4.0,expert2,,hit:4233_conv:8466,3.0,5.0,5.0,expert2,,7bae7a,dphh2hi,1.0,2.0,0.0,expert2,
20241031143721849193,2.0,1.0,1.0,4.0,2.0,4.0,expert2,,60f4e3ab507bbb123f866e88,3.0,3.0,3.0,3.0,3.0,2.0,3.0,3.0,3.0,expert2,,hit:4345_conv:8691,4.0,5.0,5.0,expert2,,7ce4za,dpp7tc5,2.0,2.0,0.0,expert2,
20241031143941950562,1.0,1.0,1.0,2.0,2.0,1.0,expert2,,60fd080d5476f4a77211bafb,2.0,2.0,2.0,2.0,2.0,3.0,2.0,1.0,3.0,expert2,,hit:4722_conv:9445,4.0,5.0,5.0,expert2,,7f5fsf,dq9m34m,0.0,1.0,0.0,expert2,
20241031144011171565,4.0,2.0,2.0,1.0,1.0,1.0,expert2,,60fd462512ad2ae6071668f3,3.0,3.0,3.0,3.0,3.0,3.0,4.0,2.0,3.0,expert2,,hit:478_conv:956,3.0,4.0,3.0,expert2,,7faqco,dqasc1x,0.0,1.0,0.0,expert2,
20241031144225966527,2.0,3.0,1.0,4.0,1.0,1.0,expert2,,614e7ad7ff5a0d785d5e550a,3.0,3.0,2.0,3.0,2.0,3.0,4.0,3.0,3.0,expert2,,hit:4844_conv:9689,5.0,5.0,5.0,expert2,,7rmqzi,dsy41wd,1.0,0.0,0.0,expert2,
20241031144237228364,2.0,3.0,2.0,2.0,1.0,1.0,expert2,,629531cb501e6d23d9797050,4.0,5.0,5.0,5.0,4.0,2.0,2.0,6.0,4.0,expert2,,hit:529_conv:1059,5.0,5.0,5.0,expert2,,7xxfqn,duby1kh,1.0,1.0,0.0,expert2,
20241031144350174874,4.0,3.0,1.0,2.0,2.0,1.0,expert2,,629668d2eeced89db00b93bf,3.0,3.0,3.0,3.0,3.0,2.0,2.0,4.0,2.0,expert2,,hit:5323_conv:10646,4.0,5.0,5.0,expert2,,7yo4vo,duhyac3,1.0,1.0,0.0,expert2,
20241031144401095945,1.0,1.0,1.0,4.0,1.0,1.0,expert2,,62cbf51439a76e8fccd8a495,4.0,4.0,4.0,4.0,4.0,4.0,4.0,2.0,3.0,expert2,,hit:5574_conv:11149,4.0,5.0,5.0,expert2,,857ps1,dvve0kf,1.0,1.0,1.0,expert2,
20241031144410053256,5.0,3.0,5.0,2.0,1.0,1.0,expert2,,62e05a40c77214b0772d5596,2.0,2.0,2.0,2.0,2.0,2.0,1.0,3.0,3.0,expert2,,hit:5579_conv:11158,5.0,5.0,5.0,expert2,,88gtly,dwki84l,0.0,1.0,0.0,expert2,
20241031144618187410,2.0,4.0,2.0,2.0,1.0,1.0,expert2,,632e9aa62793c18a857aece4,5.0,5.0,5.0,5.0,5.0,5.0,5.0,2.0,4.0,expert2,,hit:6053_conv:12106,3.0,4.0,5.0,expert2,,88x2l7,dwnvlat,1.0,1.0,1.0,expert2,
20241031144657019855,2.0,3.0,1.0,1.0,1.0,2.0,expert2,,63386e75b02c4d7013c1198b,6.0,6.0,6.0,6.0,6.0,6.0,6.0,5.0,5.0,expert2,,hit:6367_conv:12734,5.0,5.0,5.0,expert2,,88x9zy,dwpez20,2.0,2.0,0.0,expert2,
20241031144740239368,2.0,4.0,1.0,4.0,2.0,1.0,expert2,,6361560a2e3e691ad312fed2,2.0,1.0,1.0,1.0,1.0,1.0,1.0,5.0,2.0,expert2,,hit:6613_conv:13226,4.0,5.0,5.0,expert2,,8fzl06,dy7mpoe,0.0,1.0,0.0,expert2,
20241031144856903579,3.0,2.0,2.0,2.0,1.0,1.0,expert2,,6387db71396bd54b2e9fcd09,2.0,2.0,2.0,2.0,2.0,2.0,2.0,3.0,2.0,expert2,,hit:6759_conv:13519,3.0,5.0,5.0,expert2,,8ix424,dywk9hy,0.0,1.0,2.0,expert2,
20241031145050008738,1.0,3.0,2.0,4.0,1.0,2.0,expert2,,638bb18e1bd657c755e5148f,5.0,5.0,5.0,5.0,5.0,4.0,5.0,5.0,5.0,expert2,,hit:7112_conv:14224,4.0,5.0,5.0,expert2,,8w0orm,e1ruepi,2.0,2.0,0.0,expert2,
20241031145103738386,2.0,4.0,2.0,2.0,1.0,2.0,expert2,,6390fd9157f0dc14e247a0d6,1.0,1.0,1.0,2.0,1.0,2.0,2.0,5.0,4.0,expert2,,hit:7797_conv:15594,5.0,5.0,5.0,expert2,,92z9nn,e3a2xof,0.0,1.0,0.0,expert2,
20241031145117414259,3.0,3.0,2.0,2.0,3.0,1.0,expert2,,639dd20ab47fd76a4fd9c2c0,6.0,6.0,6.0,6.0,6.0,5.0,4.0,5.0,5.0,expert2,,hit:8012_conv:16024,5.0,5.0,5.0,expert2,,96kkj0,e4173mc,1.0,1.0,1.0,expert2,
20241031145139367719,3.0,2.0,2.0,4.0,1.0,1.0,expert2,,63c13fcab1eda5bbe034a17c,2.0,2.0,2.0,2.0,2.0,2.0,2.0,4.0,3.0,expert2,,hit:8290_conv:16581,5.0,5.0,5.0,expert2,,97keuy,e48xfwa,1.0,1.0,0.0,expert2,
20241031145619979111,3.0,3.0,4.0,1.0,1.0,1.0,expert2,,63d13d00a2e69ec8e1956a07,5.0,4.0,4.0,5.0,4.0,2.0,2.0,1.0,3.0,expert2,,hit:8311_conv:16622,5.0,5.0,5.0,expert2,,982bo3,e4d9lz8,1.0,1.0,0.0,expert2,
20241031145640298594,4.0,5.0,5.0,1.0,2.0,1.0,expert2,,63d1834e69a637cd32f16634,6.0,6.0,6.0,6.0,6.0,6.0,6.0,1.0,5.0,expert2,,hit:8681_conv:17362,4.0,5.0,5.0,expert2,,99yrsp,e4req4x,0.0,1.0,0.0,expert2,
20241031145659196118,2.0,2.0,1.0,2.0,2.0,2.0,expert2,,63d455d193df3edfdfa6529f,5.0,5.0,5.0,5.0,5.0,4.0,4.0,3.0,3.0,expert2,,hit:887_conv:1775,2.0,4.0,4.0,expert2,,9t0b89,e8txotz,1.0,2.0,0.0,expert2,
20241031145710438129,3.0,5.0,2.0,1.0,1.0,1.0,expert2,,63d7eca29f0291aff53b003e,4.0,4.0,4.0,4.0,4.0,4.0,4.0,3.0,3.0,expert2,,hit:8986_conv:17972,5.0,5.0,5.0,expert2,,9u1441,e90or0r,1.0,1.0,1.0,expert2,
20241031145838989513,2.0,2.0,1.0,4.0,1.0,2.0,expert2,,63f77fef0855adb7fa65873d,3.0,3.0,3.0,3.0,3.0,2.0,2.0,4.0,4.0,expert2,,hit:9116_conv:18233,2.0,3.0,5.0,expert2,,9v6l4y,e9a6rlo,0.0,0.0,1.0,expert2,
20241031145848519908,5.0,1.0,4.0,1.0,1.0,1.0,expert2,,63fb73b8e64f455117b045b9,2.0,3.0,2.0,3.0,2.0,2.0,1.0,6.0,5.0,expert2,,hit:9338_conv:18676,5.0,5.0,5.0,expert2,,9vo55d,e9eqspg,0.0,0.0,0.0,expert2,
20241031150235217462,2.0,3.0,2.0,4.0,2.0,3.0,expert2,,6428f7ac297e312f7262d93b,4.0,4.0,4.0,4.0,4.0,4.0,4.0,3.0,4.0,expert2,,hit:9349_conv:18698,5.0,5.0,5.0,expert2,,9y3cea,eb4ngh9,0.0,0.0,1.0,expert2,
20241031150253617689,3.0,2.0,3.0,3.0,1.0,1.0,expert2,,6435d9620649d3801b71cc8b,5.0,5.0,5.0,5.0,5.0,4.0,4.0,5.0,5.0,expert2,,hit:965_conv:1930,2.0,5.0,5.0,expert2,,a2bynd,eawx6f6,0.0,1.0,0.0,expert2,
20241031150257546670,3.0,4.0,1.0,2.0,1.0,1.0,expert2,,6455616c0fe23ecca70ce1b9,4.0,4.0,4.0,4.0,4.0,3.0,3.0,4.0,4.0,expert2,,hit:9772_conv:19545,3.0,4.0,5.0,expert2,,aivw81,eer413s,0.0,1.0,0.0,expert2,
20241031150832963315,3.0,2.0,1.0,3.0,1.0,1.0,expert2,,6483b3662d98a34fa389dcd7,6.0,6.0,6.0,6.0,6.0,5.0,3.0,4.0,5.0,expert2,,hit:9988_conv:19976,5.0,5.0,5.0,expert2,,ajccfi,eeujjeh,0.0,1.0,0.0,expert2,
20241031124050492385,2.0,1.0,1.0,5.0,1.0,4.0,expert3,,56e8bf5a870a8e000b4a8d6e,1.0,1.0,1.0,1.0,1.0,1.0,1.0,1.0,1.0,expert3,,hit:10145_conv:20290,5.0,5.0,5.0,expert3,,41g07l,cz26vua,1.0,2.0,1.0,expert3,
20241031124638971163,3.0,1.0,2.0,2.0,3.0,1.0,expert3,,57e7bb4e73e67300012b8e2a,2.0,1.0,1.0,1.0,1.0,1.0,1.0,3.0,2.0,expert3,,hit:10264_conv:20529,5.0,5.0,5.0,expert3,,43dc0h,czhnmqd,1.0,1.0,0.0,expert3,
20241031125810052721,2.0,2.0,2.0,2.0,1.0,1.0,expert3,,58509fbda6946500016117ed,5.0,5.0,5.0,5.0,5.0,3.0,4.0,3.0,4.0,expert3,,hit:11090_conv:22181,5.0,5.0,5.0,expert3,,46rnxz,d07n05c,0.0,1.0,0.0,expert3,
20241031125849757353,3.0,2.0,2.0,2.0,1.0,1.0,expert3,,5850d667b64b9e00017cb722,5.0,5.0,5.0,5.0,5.0,4.0,5.0,2.0,4.0,expert3,,hit:11447_conv:22894,3.0,4.0,5.0,expert3,,47jmki,d0djxlk,1.0,1.0,0.0,expert3,
20241031130310482335,3.0,3.0,1.0,1.0,1.0,1.0,expert3,,59e7477e3e4b5a00016aa4d2,2.0,2.0,2.0,2.0,2.0,2.0,1.0,3.0,3.0,expert3,,hit:11786_conv:23572,5.0,5.0,5.0,expert3,,4kz2qw,d3j6efd,2.0,2.0,0.0,expert3,
20241031131104204354,2.0,1.0,1.0,2.0,1.0,1.0,expert3,,5bcc2cee0ba8a400012592f9,2.0,2.0,2.0,2.0,2.0,2.0,3.0,2.0,2.0,expert3,,hit:11794_conv:23589,1.0,1.0,4.0,expert3,,4re82s,d50d07m,1.0,1.0,0.0,expert3,
20241031141852450492,3.0,1.0,2.0,2.0,2.0,1.0,expert3,,5bfd81fb2feab400014d9060,4.0,4.0,4.0,4.0,4.0,3.0,5.0,4.0,4.0,expert3,,hit:12057_conv:24115,4.0,5.0,5.0,expert3,,5o2dfv,dcg770i,0.0,0.0,2.0,expert3,
20241031142002371691,3.0,3.0,1.0,3.0,1.0,1.0,expert3,,5c0fcccc1f6f150001487111,3.0,3.0,3.0,3.0,3.0,4.0,3.0,3.0,3.0,expert3,,hit:12267_conv:24535,5.0,5.0,5.0,expert3,,5oc1v6,dcia967,0.0,1.0,0.0,expert3,
20241031142025401692,2.0,2.0,1.0,3.0,1.0,2.0,expert3,,5c5b9ed5cdae0e0001c1b261,5.0,4.0,3.0,5.0,2.0,1.0,1.0,1.0,2.0,expert3,,hit:12276_conv:24553,5.0,5.0,5.0,expert3,,5pklsj,dcs78f7,0.0,0.0,0.0,expert3,
20241031142326744348,2.0,3.0,2.0,4.0,1.0,1.0,expert3,,5cb489ff0cd1ed0017465d19,5.0,5.0,5.0,5.0,5.0,4.0,2.0,3.0,4.0,expert3,,hit:1490_conv:2981,5.0,5.0,5.0,expert3,,5udu49,ddtar8i,2.0,2.0,2.0,expert3,
20241031142343248156,3.0,3.0,2.0,4.0,3.0,1.0,expert3,,5d8e64ab4e055600157a3d90,3.0,3.0,3.0,3.0,3.0,2.0,3.0,4.0,3.0,expert3,,hit:1502_conv:3005,4.0,5.0,5.0,expert3,,5ziak3,deyb83s,1.0,1.0,0.0,expert3,
20241031142609584451,1.0,4.0,1.0,3.0,1.0,1.0,expert3,,5dab673188c639001080bec6,4.0,4.0,4.0,4.0,4.0,4.0,4.0,1.0,2.0,expert3,,hit:1670_conv:3341,1.0,3.0,5.0,expert3,,64vfny,dg5dua3,0.0,0.0,1.0,expert3,
20241031142631374406,2.0,1.0,1.0,5.0,1.0,2.0,expert3,,5dcf0b7cffc3d8063f916612,3.0,3.0,3.0,3.0,3.0,4.0,4.0,3.0,3.0,expert3,,hit:2088_conv:4177,5.0,5.0,5.0,expert3,,68qep0,dh0heoe,2.0,2.0,0.0,expert3,
20241031142911674809,3.0,4.0,4.0,1.0,1.0,1.0,expert3,,5e1c71e9114df8000dddf2d6,5.0,4.0,4.0,5.0,4.0,4.0,2.0,5.0,5.0,expert3,,hit:2097_conv:4194,5.0,5.0,5.0,expert3,,6ay35x,dhiscyo,1.0,1.0,0.0,expert3,
20241031142922509539,4.0,3.0,2.0,2.0,1.0,1.0,expert3,,5e84f020507cd30b367b2624,5.0,5.0,5.0,5.0,5.0,5.0,2.0,5.0,5.0,expert3,,hit:3104_conv:6209,5.0,5.0,5.0,expert3,,6d8bpd,di0nlb2,1.0,1.0,0.0,expert3,
20241031142939150275,1.0,4.0,2.0,2.0,1.0,1.0,expert3,,5ee5e3b02eebe932ee9559c5,5.0,5.0,5.0,5.0,5.0,4.0,4.0,4.0,4.0,expert3,,hit:3379_conv:6758,5.0,5.0,5.0,expert3,,6jy2ha,djhwgs6,0.0,1.0,0.0,expert3,
20241031143012041613,2.0,2.0,1.0,3.0,1.0,1.0,expert3,,5f4738bfa043201203a27b4b,4.0,4.0,4.0,4.0,4.0,3.0,4.0,2.0,3.0,expert3,,hit:3636_conv:7272,4.0,5.0,5.0,expert3,,6l2ex7,djr0aur,1.0,2.0,0.0,expert3,
20241031143018571296,2.0,2.0,1.0,4.0,3.0,1.0,expert3,,5f81ead00afba52e71dcf414,6.0,6.0,6.0,6.0,6.0,6.0,6.0,1.0,5.0,expert3,,hit:3735_conv:7470,1.0,3.0,5.0,expert3,,6m2aki,djzoxjg,0.0,1.0,0.0,expert3,
20241031143028878832,2.0,1.0,2.0,4.0,1.0,1.0,expert3,,5fc3d41149c0c8728f07b95b,4.0,4.0,4.0,4.0,4.0,4.0,4.0,5.0,4.0,expert3,,hit:3931_conv:7863,3.0,4.0,5.0,expert3,,71c0m3,dn9pkff,1.0,1.0,0.0,expert3,
20241031143107374365,2.0,3.0,1.0,3.0,1.0,1.0,expert3,,5fdfab734a329d034b0ea666,2.0,2.0,2.0,2.0,2.0,2.0,2.0,3.0,2.0,expert3,,hit:3961_conv:7922,4.0,5.0,5.0,expert3,,73cm60,dnpb3ft,1.0,1.0,0.0,expert3,
20241031143420587455,3.0,3.0,3.0,2.0,1.0,1.0,expert3,,60008e2ee4d8c913c602e0cd,4.0,4.0,4.0,4.0,4.0,4.0,5.0,3.0,4.0,expert3,,hit:401_conv:803,2.0,3.0,4.0,expert3,,78539v,dor647q,2.0,2.0,1.0,expert3,
20241031143614621777,5.0,4.0,5.0,1.0,2.0,1.0,expert3,,603fa7d057d382087d66d1c2,2.0,2.0,2.0,2.0,2.0,2.0,2.0,1.0,2.0,expert3,,hit:4090_conv:8181,2.0,4.0,5.0,expert3,,78chdu,doss7uo,0.0,1.0,0.0,expert3,
20241031143623775499,3.0,2.0,1.0,3.0,2.0,1.0,expert3,,608bfa04767191aa4d57bfd8,4.0,4.0,4.0,4.0,4.0,4.0,4.0,3.0,3.0,expert3,,hit:4103_conv:8207,5.0,5.0,5.0,expert3,,79ws1b,dp5j55v,1.0,1.0,0.0,expert3,
20241031143714391442,3.0,3.0,4.0,1.0,1.0,1.0,expert3,,609122350e5b8e743ab41f79,4.0,4.0,4.0,4.0,4.0,4.0,5.0,4.0,4.0,expert3,,hit:4233_conv:8466,3.0,5.0,5.0,expert3,,7bae7a,dphh2hi,1.0,2.0,0.0,expert3,
20241031143721849193,2.0,1.0,1.0,4.0,2.0,4.0,expert3,,60f4e3ab507bbb123f866e88,3.0,3.0,3.0,3.0,3.0,2.0,3.0,3.0,3.0,expert3,,hit:4345_conv:8691,4.0,5.0,5.0,expert3,,7ce4za,dpp7tc5,2.0,2.0,0.0,expert3,
20241031143941950562,1.0,1.0,1.0,2.0,2.0,1.0,expert3,,60fd080d5476f4a77211bafb,2.0,2.0,2.0,2.0,2.0,3.0,2.0,1.0,3.0,expert3,,hit:4722_conv:9445,4.0,5.0,5.0,expert3,,7f5fsf,dq9m34m,0.0,1.0,0.0,expert3,
20241031144011171565,4.0,2.0,2.0,1.0,1.0,1.0,expert3,,60fd462512ad2ae6071668f3,3.0,3.0,3.0,3.0,3.0,3.0,4.0,2.0,3.0,expert3,,hit:478_conv:956,3.0,4.0,3.0,expert3,,7faqco,dqasc1x,0.0,1.0,0.0,expert3,
20241031144225966527,2.0,3.0,1.0,4.0,1.0,1.0,expert3,,614e7ad7ff5a0d785d5e550a,3.0,3.0,2.0,3.0,2.0,3.0,4.0,3.0,3.0,expert3,,hit:4844_conv:9689,5.0,5.0,5.0,expert3,,7rmqzi,dsy41wd,1.0,0.0,0.0,expert3,
20241031144237228364,2.0,3.0,2.0,2.0,1.0,1.0,expert3,,629531cb501e6d23d9797050,4.0,5.0,5.0,5.0,4.0,2.0,2.0,6.0,4.0,expert3,,hit:529_conv:1059,5.0,5.0,5.0,expert3,,7xxfqn,duby1kh,1.0,1.0,0.0,expert3,
20241031144350174874,4.0,3.0,1.0,2.0,2.0,1.0,expert3,,629668d2eeced89db00b93bf,3.0,3.0,3.0,3.0,3.0,2.0,2.0,4.0,2.0,expert3,,hit:5323_conv:10646,4.0,5.0,5.0,expert3,,7yo4vo,duhyac3,1.0,1.0,0.0,expert3,
20241031144401095945,1.0,1.0,1.0,4.0,1.0,1.0,expert3,,62cbf51439a76e8fccd8a495,4.0,4.0,4.0,4.0,4.0,4.0,4.0,2.0,3.0,expert3,,hit:5574_conv:11149,4.0,5.0,5.0,expert3,,857ps1,dvve0kf,1.0,1.0,1.0,expert3,
20241031144410053256,5.0,3.0,5.0,2.0,1.0,1.0,expert3,,62e05a40c77214b0772d5596,2.0,2.0,2.0,2.0,2.0,2.0,1.0,3.0,3.0,expert3,,hit:5579_conv:11158,5.0,5.0,5.0,expert3,,88gtly,dwki84l,0.0,1.0,0.0,expert3,
20241031144618187410,2.0,4.0,2.0,2.0,1.0,1.0,expert3,,632e9aa62793c18a857aece4,5.0,5.0,5.0,5.0,5.0,5.0,5.0,2.0,4.0,expert3,,hit:6053_conv:12106,3.0,4.0,5.0,expert3,,88x2l7,dwnvlat,1.0,1.0,1.0,expert3,
20241031144657019855,2.0,3.0,1.0,1.0,1.0,2.0,expert3,,63386e75b02c4d7013c1198b,6.0,6.0,6.0,6.0,6.0,6.0,6.0,5.0,5.0,expert3,,hit:6367_conv:12734,5.0,5.0,5.0,expert3,,88x9zy,dwpez20,2.0,2.0,0.0,expert3,
20241031144740239368,2.0,4.0,1.0,4.0,2.0,1.0,expert3,,6361560a2e3e691ad312fed2,2.0,1.0,1.0,1.0,1.0,1.0,1.0,5.0,2.0,expert3,,hit:6613_conv:13226,4.0,5.0,5.0,expert3,,8fzl06,dy7mpoe,0.0,1.0,0.0,expert3,
20241031144856903579,3.0,2.0,2.0,2.0,1.0,1.0,expert3,,6387db71396bd54b2e9fcd09,2.0,2.0,2.0,2.0,2.0,2.0,2.0,3.0,2.0,expert3,,hit:6759_conv:13519,3.0,5.0,5.0,expert3,,8ix424,dywk9hy,0.0,1.0,2.0,expert3,
20241031145050008738,1.0,3.0,2.0,4.0,1.0,2.0,expert3,,638bb18e1bd657c755e5148f,5.0,5.0,5.0,5.0,5.0,4.0,5.0,5.0,5.0,expert3,,hit:7112_conv:14224,4.0,5.0,5.0,expert3,,8w0orm,e1ruepi,2.0,2.0,0.0,expert3,
20241031145103738386,2.0,4.0,2.0,2.0,1.0,2.0,expert3,,6390fd9157f0dc14e247a0d6,1.0,1.0,1.0,2.0,1.0,2.0,2.0,5.0,4.0,expert3,,hit:7797_conv:15594,5.0,5.0,5.0,expert3,,92z9nn,e3a2xof,0.0,1.0,0.0,expert3,
20241031145117414259,3.0,3.0,2.0,2.0,3.0,1.0,expert3,,639dd20ab47fd76a4fd9c2c0,6.0,6.0,6.0,6.0,6.0,5.0,4.0,5.0,5.0,expert3,,hit:8012_conv:16024,5.0,5.0,5.0,expert3,,96kkj0,e4173mc,1.0,1.0,1.0,expert3,
20241031145139367719,3.0,2.0,2.0,4.0,1.0,1.0,expert3,,63c13fcab1eda5bbe034a17c,2.0,2.0,2.0,2.0,2.0,2.0,2.0,4.0,3.0,expert3,,hit:8290_conv:16581,5.0,5.0,5.0,expert3,,97keuy,e48xfwa,1.0,1.0,0.0,expert3,
20241031145619979111,3.0,3.0,4.0,1.0,1.0,1.0,expert3,,63d13d00a2e69ec8e1956a07,5.0,4.0,4.0,5.0,4.0,2.0,2.0,1.0,3.0,expert3,,hit:8311_conv:16622,5.0,5.0,5.0,expert3,,982bo3,e4d9lz8,1.0,1.0,0.0,expert3,
20241031145640298594,4.0,5.0,5.0,1.0,2.0,1.0,expert3,,63d1834e69a637cd32f16634,6.0,6.0,6.0,6.0,6.0,6.0,6.0,1.0,5.0,expert3,,hit:8681_conv:17362,4.0,5.0,5.0,expert3,,99yrsp,e4req4x,0.0,1.0,0.0,expert3,
20241031145659196118,2.0,2.0,1.0,2.0,2.0,2.0,expert3,,63d455d193df3edfdfa6529f,5.0,5.0,5.0,5.0,5.0,4.0,4.0,3.0,3.0,expert3,,hit:887_conv:1775,2.0,4.0,4.0,expert3,,9t0b89,e8txotz,1.0,2.0,0.0,expert3,
20241031145710438129,3.0,5.0,2.0,1.0,1.0,1.0,expert3,,63d7eca29f0291aff53b003e,4.0,4.0,4.0,4.0,4.0,4.0,4.0,3.0,3.0,expert3,,hit:8986_conv:17972,5.0,5.0,5.0,expert3,,9u1441,e90or0r,1.0,1.0,1.0,expert3,
20241031145838989513,2.0,2.0,1.0,4.0,1.0,2.0,expert3,,63f77fef0855adb7fa65873d,3.0,3.0,3.0,3.0,3.0,2.0,2.0,4.0,4.0,expert3,,hit:9116_conv:18233,2.0,3.0,5.0,expert3,,9v6l4y,e9a6rlo,0.0,0.0,1.0,expert3,
20241031145848519908,5.0,1.0,4.0,1.0,1.0,1.0,expert3,,63fb73b8e64f455117b045b9,2.0,3.0,2.0,3.0,2.0,2.0,1.0,6.0,5.0,expert3,,hit:9338_conv:18676,5.0,5.0,5.0,expert3,,9vo55d,e9eqspg,0.0,0.0,0.0,expert3,
20241031150235217462,2.0,3.0,2.0,4.0,2.0,3.0,expert3,,6428f7ac297e312f7262d93b,4.0,4.0,4.0,4.0,4.0,4.0,4.0,3.0,4.0,expert3,,hit:9349_conv:18698,5.0,5.0,5.0,expert3,,9y3cea,eb4ngh9,0.0,0.0,1.0,expert3,
20241031150253617689,3.0,2.0,3.0,3.0,1.0,1.0,expert3,,6435d9620649d3801b71cc8b,5.0,5.0,5.0,5.0,5.0,4.0,4.0,5.0,5.0,expert3,,hit:965_conv:1930,2.0,5.0,5.0,expert3,,a2bynd,eawx6f6,0.0,1.0,0.0,expert3,
20241031150257546670,3.0,4.0,1.0,2.0,1.0,1.0,expert3,,6455616c0fe23ecca70ce1b9,4.0,4.0,4.0,4.0,4.0,3.0,3.0,4.0,4.0,expert3,,hit:9772_conv:19545,3.0,4.0,5.0,expert3,,aivw81,eer413s,0.0,1.0,0.0,expert3,
20241031150832963315,3.0,2.0,1.0,3.0,1.0,1.0,expert3,,6483b3662d98a34fa389dcd7,6.0,6.0,6.0,6.0,6.0,5.0,3.0,4.0,5.0,expert3,,hit:9988_conv:19976,5.0,5.0,5.0,expert3,,ajccfi,eeujjeh,0.0,1.0,0.0,expert3,
20241031124050492385,2.0,2.0,1.0,4.0,1.0,4.0,llm,,56e8bf5a870a8e000b4a8d6e,2.0,2.0,2.0,2.0,2.0,2.0,2.0,2.0,2.0,llm,,hit:10145_conv:20290,3.0,4.0,4.0,llm,,41g07l,cz26vua,1.0,1.0,1.0,llm,
20241031124638971163,2.0,2.0,1.0,3.0,5.0,3.0,llm,,57e7bb4e73e67300012b8e2a,3.0,2.0,3.0,2.0,3.0,3.0,2.0,5.0,3.0,llm,,hit:10264_conv:20529,3.0,4.0,4.0,llm,,43dc0h,czhnmqd,1.0,1.0,1.0,llm,
20241031125810052721,2.0,2.0,1.0,2.0,1.0,3.0,llm,,58509fbda6946500016117ed,3.0,3.0,3.0,3.0,3.0,3.0,3.0,6.0,3.0,llm,,hit:11090_conv:22181,3.0,4.0,4.0,llm,,46rnxz,d07n05c,1.0,1.0,1.0,llm,
20241031125849757353,2.0,2.0,2.0,3.0,1.0,3.0,llm,,5850d667b64b9e00017cb722,5.0,5.0,5.0,5.0,6.0,5.0,6.0,2.0,5.0,llm,,hit:11447_conv:22894,2.0,3.0,3.0,llm,,47jmki,d0djxlk,2.0,1.0,1.0,llm,
20241031130310482335,3.0,4.0,2.0,1.0,1.0,1.0,llm,,59e7477e3e4b5a00016aa4d2,3.0,3.0,3.0,3.0,3.0,3.0,3.0,3.0,3.0,llm,,hit:11786_conv:23572,3.0,3.0,4.0,llm,,4kz2qw,d3j6efd,0.0,1.0,0.0,llm,
20241031131104204354,2.0,2.0,1.0,2.0,1.0,2.0,llm,,5bcc2cee0ba8a400012592f9,2.0,2.0,2.0,2.0,2.0,3.0,2.0,3.0,2.0,llm,,hit:11794_conv:23589,1.0,1.0,1.0,llm,,4re82s,d50d07m,2.0,2.0,1.0,llm,
20241031141852450492,3.0,2.0,2.0,2.0,3.0,3.0,llm,,5bfd81fb2feab400014d9060,4.0,4.0,4.0,4.0,4.0,4.0,4.0,3.0,6.0,llm,,hit:12057_conv:24115,3.0,4.0,4.0,llm,,5o2dfv,dcg770i,1.0,1.0,2.0,llm,
20241031142002371691,2.0,3.0,1.0,4.0,2.0,3.0,llm,,5c0fcccc1f6f150001487111,5.0,4.0,5.0,5.0,5.0,5.0,4.0,3.0,5.0,llm,,hit:12267_conv:24535,2.0,2.0,3.0,llm,,5oc1v6,dcia967,1.0,1.0,1.0,llm,
20241031142025401692,2.0,2.0,1.0,4.0,3.0,3.0,llm,,5c5b9ed5cdae0e0001c1b261,3.0,3.0,3.0,3.0,3.0,3.0,2.0,2.0,2.0,llm,,hit:12276_conv:24553,3.0,3.0,4.0,llm,,5pklsj,dcs78f7,0.0,0.0,0.0,llm,
20241031142326744348,1.0,2.0,1.0,5.0,1.0,4.0,llm,,5cb489ff0cd1ed0017465d19,4.0,4.0,3.0,4.0,4.0,4.0,4.0,5.0,4.0,llm,,hit:1490_conv:2981,2.0,3.0,3.0,llm,,5udu49,ddtar8i,1.0,1.0,1.0,llm,
20241031142343248156,2.0,2.0,1.0,4.0,4.0,3.0,llm,,5d8e64ab4e055600157a3d90,4.0,4.0,4.0,4.0,4.0,4.0,3.0,6.0,4.0,llm,,hit:1502_conv:3005,3.0,4.0,4.0,llm,,5ziak3,deyb83s,1.0,1.0,1.0,llm,
20241031142609584451,2.0,4.0,1.0,4.0,1.0,3.0,llm,,5dab673188c639001080bec6,5.0,5.0,5.0,5.0,5.0,5.0,5.0,3.0,5.0,llm,,hit:1670_conv:3341,2.0,3.0,4.0,llm,,64vfny,dg5dua3,0.0,1.0,1.0,llm,
20241031142631374406,2.0,1.0,1.0,4.0,1.0,3.0,llm,,5dcf0b7cffc3d8063f916612,3.0,4.0,3.0,3.0,3.0,4.0,3.0,3.0,4.0,llm,,hit:2088_conv:4177,4.0,4.0,4.0,llm,,68qep0,dh0heoe,2.0,1.0,1.0,llm,
20241031142911674809,5.0,4.0,3.0,1.0,1.0,1.0,llm,,5e1c71e9114df8000dddf2d6,3.0,3.0,3.0,3.0,3.0,3.0,3.0,6.0,4.0,llm,,hit:2097_conv:4194,3.0,4.0,4.0,llm,,6ay35x,dhiscyo,0.0,0.0,0.0,llm,
20241031142922509539,2.0,4.0,2.0,2.0,1.0,3.0,llm,,5e84f020507cd30b367b2624,3.0,3.0,3.0,3.0,3.0,3.0,3.0,6.0,4.0,llm,,hit:3104_conv:6209,3.0,3.0,4.0,llm,,6d8bpd,di0nlb2,1.0,0.0,0.0,llm,
20241031142939150275,2.0,3.0,1.0,4.0,1.0,4.0,llm,,5ee5e3b02eebe932ee9559c5,4.0,4.0,4.0,4.0,4.0,5.0,4.0,6.0,5.0,llm,,hit:3379_conv:6758,3.0,3.0,3.0,llm,,6jy2ha,djhwgs6,1.0,1.0,1.0,llm,
20241031143012041613,2.0,3.0,1.0,3.0,1.0,3.0,llm,,5f4738bfa043201203a27b4b,4.0,3.0,4.0,4.0,4.0,4.0,4.0,3.0,3.0,llm,,hit:3636_conv:7272,4.0,4.0,4.0,llm,,6l2ex7,djr0aur,1.0,1.0,1.0,llm,
20241031143018571296,2.0,3.0,1.0,5.0,3.0,3.0,llm,,5f81ead00afba52e71dcf414,5.0,5.0,5.0,5.0,6.0,6.0,6.0,2.0,4.0,llm,,hit:3735_conv:7470,2.0,3.0,3.0,llm,,6m2aki,djzoxjg,0.0,1.0,0.0,llm,
20241031143028878832,2.0,2.0,1.0,4.0,1.0,3.0,llm,,5fc3d41149c0c8728f07b95b,2.0,2.0,2.0,2.0,2.0,3.0,3.0,3.0,3.0,llm,,hit:3931_conv:7863,2.0,3.0,3.0,llm,,71c0m3,dn9pkff,1.0,1.0,1.0,llm,
20241031143107374365,2.0,3.0,2.0,4.0,2.0,3.0,llm,,5fdfab734a329d034b0ea666,3.0,3.0,2.0,2.0,2.0,3.0,2.0,6.0,3.0,llm,,hit:3961_conv:7922,3.0,4.0,4.0,llm,,73cm60,dnpb3ft,0.0,0.0,0.0,llm,
20241031143420587455,3.0,4.0,3.0,3.0,1.0,2.0,llm,,60008e2ee4d8c913c602e0cd,4.0,5.0,4.0,5.0,5.0,5.0,4.0,3.0,5.0,llm,,hit:401_conv:803,3.0,4.0,4.0,llm,,78539v,dor647q,2.0,1.0,1.0,llm,
20241031143614621777,4.0,3.0,3.0,1.0,2.0,1.0,llm,,603fa7d057d382087d66d1c2,3.0,4.0,4.0,4.0,4.0,4.0,4.0,2.0,2.0,llm,,hit:4090_conv:8181,2.0,3.0,3.0,llm,,78chdu,doss7uo,0.0,0.0,0.0,llm,
20241031143623775499,2.0,2.0,1.0,4.0,3.0,3.0,llm,,608bfa04767191aa4d57bfd8,3.0,3.0,3.0,3.0,3.0,4.0,3.0,5.0,4.0,llm,,hit:4103_conv:8207,3.0,4.0,4.0,llm,,79ws1b,dp5j55v,0.0,1.0,0.0,llm,
20241031143714391442,2.0,5.0,1.0,2.0,1.0,3.0,llm,,609122350e5b8e743ab41f79,4.0,4.0,4.0,4.0,4.0,4.0,3.0,6.0,4.0,llm,,hit:4233_conv:8466,2.0,3.0,3.0,llm,,7bae7a,dphh2hi,1.0,1.0,1.0,llm,
20241031143721849193,2.0,1.0,1.0,4.0,3.0,4.0,llm,,60f4e3ab507bbb123f866e88,3.0,3.0,3.0,3.0,3.0,3.0,3.0,6.0,3.0,llm,,hit:4345_conv:8691,3.0,3.0,4.0,llm,,7ce4za,dpp7tc5,1.0,1.0,1.0,llm,
20241031143941950562,2.0,2.0,1.0,2.0,3.0,3.0,llm,,60fd080d5476f4a77211bafb,4.0,5.0,5.0,5.0,5.0,5.0,6.0,2.0,3.0,llm,,hit:4722_conv:9445,3.0,4.0,4.0,llm,,7f5fsf,dq9m34m,0.0,0.0,0.0,llm,
20241031144011171565,4.0,2.0,2.0,2.0,1.0,2.0,llm,,60fd462512ad2ae6071668f3,3.0,3.0,3.0,3.0,3.0,3.0,3.0,3.0,3.0,llm,,hit:478_conv:956,4.0,3.0,3.0,llm,,7faqco,dqasc1x,0.0,0.0,0.0,llm,
20241031144225966527,4.0,4.0,2.0,4.0,1.0,2.0,llm,,614e7ad7ff5a0d785d5e550a,3.0,3.0,3.0,3.0,3.0,3.0,3.0,5.0,3.0,llm,,hit:4844_conv:9689,3.0,4.0,4.0,llm,,7rmqzi,dsy41wd,1.0,1.0,1.0,llm,
20241031144237228364,3.0,4.0,2.0,3.0,1.0,2.0,llm,,629531cb501e6d23d9797050,2.0,2.0,2.0,2.0,2.0,2.0,1.0,6.0,3.0,llm,,hit:529_conv:1059,2.0,3.0,4.0,llm,,7xxfqn,duby1kh,1.0,1.0,1.0,llm,
20241031144350174874,3.0,4.0,1.0,2.0,5.0,2.0,llm,,629668d2eeced89db00b93bf,3.0,3.0,3.0,3.0,3.0,3.0,3.0,3.0,3.0,llm,,hit:5323_conv:10646,2.0,3.0,3.0,llm,,7yo4vo,duhyac3,1.0,1.0,1.0,llm,
20241031144401095945,1.0,2.0,1.0,4.0,1.0,4.0,llm,,62cbf51439a76e8fccd8a495,3.0,4.0,4.0,4.0,4.0,4.0,4.0,2.0,3.0,llm,,hit:5574_conv:11149,3.0,4.0,4.0,llm,,857ps1,dvve0kf,1.0,1.0,1.0,llm,
20241031144410053256,3.0,4.0,3.0,2.0,3.0,3.0,llm,,62e05a40c77214b0772d5596,2.0,2.0,2.0,2.0,2.0,2.0,2.0,6.0,3.0,llm,,hit:5579_conv:11158,3.0,4.0,4.0,llm,,88gtly,dwki84l,0.0,1.0,0.0,llm,
20241031144618187410,2.0,4.0,1.0,4.0,1.0,3.0,llm,,632e9aa62793c18a857aece4,4.0,5.0,4.0,4.0,5.0,5.0,4.0,3.0,4.0,llm,,hit:6053_conv:12106,2.0,3.0,3.0,llm,,88x2l7,dwnvlat,1.0,1.0,1.0,llm,
20241031144657019855,3.0,3.0,2.0,3.0,1.0,3.0,llm,,63386e75b02c4d7013c1198b,6.0,6.0,6.0,5.0,6.0,6.0,6.0,3.0,6.0,llm,,hit:6367_conv:12734,2.0,3.0,4.0,llm,,88x9zy,dwpez20,1.0,1.0,1.0,llm,
20241031144740239368,2.0,2.0,1.0,4.0,3.0,3.0,llm,,6361560a2e3e691ad312fed2,2.0,2.0,1.0,2.0,2.0,1.0,1.0,5.0,3.0,llm,,hit:6613_conv:13226,2.0,3.0,3.0,llm,,8fzl06,dy7mpoe,0.0,1.0,0.0,llm,
20241031144856903579,3.0,3.0,2.0,3.0,1.0,3.0,llm,,6387db71396bd54b2e9fcd09,3.0,3.0,3.0,3.0,4.0,3.0,3.0,3.0,3.0,llm,,hit:6759_conv:13519,3.0,3.0,3.0,llm,,8ix424,dywk9hy,1.0,1.0,2.0,llm,
20241031145050008738,1.0,3.0,1.0,5.0,2.0,4.0,llm,,638bb18e1bd657c755e5148f,4.0,4.0,4.0,4.0,4.0,4.0,4.0,6.0,5.0,llm,,hit:7112_conv:14224,2.0,3.0,3.0,llm,,8w0orm,e1ruepi,1.0,1.0,1.0,llm,
20241031145103738386,1.0,4.0,1.0,2.0,1.0,3.0,llm,,6390fd9157f0dc14e247a0d6,1.0,1.0,1.0,1.0,1.0,1.0,1.0,3.0,2.0,llm,,hit:7797_conv:15594,3.0,4.0,4.0,llm,,92z9nn,e3a2xof,0.0,0.0,0.0,llm,
20241031145117414259,4.0,4.0,2.0,2.0,4.0,2.0,llm,,639dd20ab47fd76a4fd9c2c0,5.0,5.0,5.0,5.0,5.0,5.0,5.0,5.0,5.0,llm,,hit:8012_conv:16024,4.0,5.0,4.0,llm,,96kkj0,e4173mc,1.0,1.0,1.0,llm,
20241031145139367719,3.0,2.0,2.0,3.0,2.0,2.0,llm,,63c13fcab1eda5bbe034a17c,3.0,2.0,2.0,2.0,2.0,3.0,3.0,6.0,3.0,llm,,hit:8290_conv:16581,4.0,4.0,5.0,llm,,97keuy,e48xfwa,1.0,1.0,0.0,llm,
20241031145619979111,3.0,4.0,2.0,3.0,1.0,2.0,llm,,63d13d00a2e69ec8e1956a07,4.0,5.0,5.0,5.0,5.0,4.0,4.0,2.0,5.0,llm,,hit:8311_conv:16622,2.0,3.0,3.0,llm,,982bo3,e4d9lz8,1.0,1.0,1.0,llm,
20241031145640298594,4.0,4.0,3.0,1.0,2.0,2.0,llm,,63d1834e69a637cd32f16634,5.0,5.0,5.0,5.0,5.0,5.0,5.0,3.0,5.0,llm,,hit:8681_conv:17362,3.0,4.0,4.0,llm,,99yrsp,e4req4x,0.0,1.0,0.0,llm,
20241031145659196118,2.0,4.0,2.0,3.0,3.0,3.0,llm,,63d455d193df3edfdfa6529f,5.0,5.0,5.0,5.0,5.0,5.0,5.0,3.0,6.0,llm,,hit:887_conv:1775,3.0,3.0,4.0,llm,,9t0b89,e8txotz,1.0,1.0,1.0,llm,
20241031145710438129,2.0,4.0,1.0,3.0,1.0,3.0,llm,,63d7eca29f0291aff53b003e,3.0,3.0,3.0,3.0,3.0,3.0,3.0,5.0,4.0,llm,,hit:8986_conv:17972,4.0,4.0,4.0,llm,,9u1441,e90or0r,1.0,1.0,1.0,llm,
20241031145838989513,2.0,2.0,1.0,3.0,3.0,3.0,llm,,63f77fef0855adb7fa65873d,3.0,3.0,3.0,3.0,3.0,4.0,3.0,6.0,5.0,llm,,hit:9116_conv:18233,2.0,2.0,3.0,llm,,9v6l4y,e9a6rlo,1.0,1.0,2.0,llm,
20241031145848519908,4.0,1.0,2.0,1.0,1.0,1.0,llm,,63fb73b8e64f455117b045b9,4.0,4.0,4.0,4.0,4.0,5.0,4.0,6.0,5.0,llm,,hit:9338_conv:18676,2.0,4.0,3.0,llm,,9vo55d,e9eqspg,0.0,0.0,0.0,llm,
20241031150235217462,3.0,4.0,2.0,4.0,3.0,2.0,llm,,6428f7ac297e312f7262d93b,4.0,4.0,4.0,4.0,5.0,5.0,4.0,6.0,5.0,llm,,hit:9349_conv:18698,4.0,4.0,4.0,llm,,9y3cea,eb4ngh9,0.0,0.0,0.0,llm,
20241031150253617689,4.0,3.0,3.0,3.0,1.0,2.0,llm,,6435d9620649d3801b71cc8b,3.0,4.0,4.0,4.0,4.0,4.0,3.0,3.0,5.0,llm,,hit:965_conv:1930,3.0,4.0,4.0,llm,,a2bynd,eawx6f6,1.0,1.0,1.0,llm,
20241031150257546670,2.0,3.0,2.0,3.0,2.0,3.0,llm,,6455616c0fe23ecca70ce1b9,2.0,2.0,2.0,2.0,2.0,3.0,3.0,3.0,3.0,llm,,hit:9772_conv:19545,2.0,4.0,4.0,llm,,aivw81,eer413s,0.0,1.0,0.0,llm,
20241031150832963315,2.0,3.0,2.0,3.0,1.0,3.0,llm,,6483b3662d98a34fa389dcd7,4.0,4.0,4.0,5.0,4.0,4.0,4.0,5.0,5.0,llm,,hit:9988_conv:19976,3.0,3.0,3.0,llm,,ajccfi,eeujjeh,1.0,1.0,0.0,llm,
20241031124050492385,1.0,2.0,1.0,4.0,1.0,4.0,gemini,,56e8bf5a870a8e000b4a8d6e,5.0,5.0,5.0,5.0,5.0,5.0,5.0,2.0,2.0,gemini,,hit:10145_conv:20290,3.0,4.0,4.0,gemini,,41g07l,cz26vua,1.0,2.0,2.0,gemini,
20241031124638971163,3.0,1.0,1.0,2.0,4.0,1.0,gemini,,57e7bb4e73e67300012b8e2a,3.0,3.0,3.0,3.0,4.0,5.0,2.0,3.0,5.0,gemini,,hit:10264_conv:20529,3.0,4.0,4.0,gemini,,43dc0h,czhnmqd,1.0,1.0,1.0,gemini,
20241031125810052721,2.0,2.0,1.0,2.0,1.0,3.0,gemini,,58509fbda6946500016117ed,5.0,5.0,5.0,5.0,5.0,5.0,5.0,6.0,6.0,gemini,,hit:11090_conv:22181,4.0,4.0,4.0,gemini,,46rnxz,d07n05c,1.0,2.0,1.0,gemini,
20241031125849757353,3.0,3.0,2.0,2.0,1.0,2.0,gemini,,5850d667b64b9e00017cb722,6.0,6.0,6.0,6.0,6.0,6.0,6.0,2.0,6.0,gemini,,hit:11447_conv:22894,2.0,2.0,3.0,gemini,,47jmki,d0djxlk,2.0,1.0,1.0,gemini,
20241031130310482335,3.0,4.0,1.0,1.0,1.0,1.0,gemini,,59e7477e3e4b5a00016aa4d2,3.0,3.0,3.0,2.0,3.0,3.0,2.0,2.0,2.0,gemini,,hit:11786_conv:23572,2.0,2.0,2.0,gemini,,4kz2qw,d3j6efd,1.0,2.0,1.0,gemini,
20241031131104204354,3.0,2.0,1.0,2.0,1.0,1.0,gemini,,5bcc2cee0ba8a400012592f9,5.0,5.0,4.0,3.0,5.0,5.0,3.0,5.0,5.0,gemini,,hit:11794_conv:23589,1.0,1.0,1.0,gemini,,4re82s,d50d07m,2.0,2.0,1.0,gemini,
20241031141852450492,4.0,2.0,3.0,3.0,4.0,1.0,gemini,,5bfd81fb2feab400014d9060,5.0,5.0,6.0,5.0,6.0,6.0,5.0,2.0,6.0,gemini,,hit:12057_conv:24115,2.0,2.0,4.0,gemini,,5o2dfv,dcg770i,1.0,1.0,2.0,gemini,
20241031142002371691,3.0,3.0,1.0,4.0,1.0,2.0,gemini,,5c0fcccc1f6f150001487111,6.0,6.0,6.0,6.0,6.0,6.0,6.0,2.0,6.0,gemini,,hit:12267_conv:24535,2.0,2.0,1.0,gemini,,5oc1v6,dcia967,1.0,1.0,1.0,gemini,
20241031142025401692,3.0,3.0,2.0,4.0,4.0,2.0,gemini,,5c5b9ed5cdae0e0001c1b261,5.0,3.0,3.0,3.0,3.0,3.0,2.0,2.0,2.0,gemini,,hit:12276_conv:24553,4.0,4.0,4.0,gemini,,5pklsj,dcs78f7,0.0,0.0,0.0,gemini,
20241031142326744348,1.0,3.0,1.0,4.0,1.0,3.0,gemini,,5cb489ff0cd1ed0017465d19,6.0,6.0,6.0,6.0,6.0,6.0,6.0,5.0,6.0,gemini,,hit:1490_conv:2981,3.0,4.0,4.0,gemini,,5udu49,ddtar8i,2.0,1.0,1.0,gemini,
20241031142343248156,2.0,3.0,1.0,4.0,4.0,2.0,gemini,,5d8e64ab4e055600157a3d90,5.0,5.0,5.0,5.0,6.0,5.0,5.0,5.0,5.0,gemini,,hit:1502_conv:3005,2.0,4.0,4.0,gemini,,5ziak3,deyb83s,1.0,1.0,1.0,gemini,
20241031142609584451,3.0,4.0,1.0,2.0,1.0,2.0,gemini,,5dab673188c639001080bec6,6.0,6.0,6.0,6.0,6.0,6.0,5.0,2.0,6.0,gemini,,hit:1670_conv:3341,2.0,4.0,4.0,gemini,,64vfny,dg5dua3,1.0,1.0,1.0,gemini,
20241031142631374406,2.0,1.0,1.0,4.0,1.0,3.0,gemini,,5dcf0b7cffc3d8063f916612,6.0,5.0,5.0,5.0,6.0,6.0,5.0,3.0,6.0,gemini,,hit:2088_conv:4177,4.0,4.0,4.0,gemini,,68qep0,dh0heoe,2.0,1.0,1.0,gemini,
20241031142911674809,4.0,4.0,3.0,1.0,1.0,1.0,gemini,,5e1c71e9114df8000dddf2d6,5.0,5.0,5.0,5.0,5.0,5.0,2.0,5.0,5.0,gemini,,hit:2097_conv:4194,3.0,4.0,4.0,gemini,,6ay35x,dhiscyo,0.0,0.0,0.0,gemini,
20241031142922509539,3.0,4.0,1.0,2.0,1.0,2.0,gemini,,5e84f020507cd30b367b2624,6.0,6.0,6.0,6.0,6.0,6.0,6.0,6.0,6.0,gemini,,hit:3104_conv:6209,2.0,2.0,4.0,gemini,,6d8bpd,di0nlb2,1.0,1.0,1.0,gemini,
20241031142939150275,1.0,4.0,1.0,4.0,1.0,4.0,gemini,,5ee5e3b02eebe932ee9559c5,6.0,6.0,6.0,6.0,6.0,6.0,6.0,6.0,6.0,gemini,,hit:3379_conv:6758,3.0,4.0,4.0,gemini,,6jy2ha,djhwgs6,1.0,1.0,1.0,gemini,
20241031143012041613,3.0,4.0,1.0,2.0,1.0,2.0,gemini,,5f4738bfa043201203a27b4b,6.0,6.0,6.0,6.0,6.0,6.0,6.0,2.0,6.0,gemini,,hit:3636_conv:7272,4.0,4.0,4.0,gemini,,6l2ex7,djr0aur,1.0,1.0,1.0,gemini,
20241031143018571296,3.0,2.0,1.0,4.0,4.0,2.0,gemini,,5f81ead00afba52e71dcf414,6.0,6.0,6.0,6.0,6.0,6.0,6.0,2.0,6.0,gemini,,hit:3735_conv:7470,2.0,2.0,2.0,gemini,,6m2aki,djzoxjg,0.0,1.0,1.0,gemini,
20241031143028878832,1.0,1.0,1.0,3.0,1.0,3.0,gemini,,5fc3d41149c0c8728f07b95b,3.0,3.0,3.0,3.0,3.0,3.0,2.0,2.0,5.0,gemini,,hit:3931_conv:7863,2.0,2.0,2.0,gemini,,71c0m3,dn9pkff,1.0,1.0,1.0,gemini,
20241031143107374365,3.0,3.0,1.0,3.0,1.0,1.0,gemini,,5fdfab734a329d034b0ea666,5.0,5.0,5.0,5.0,5.0,5.0,3.0,6.0,5.0,gemini,,hit:3961_conv:7922,3.0,4.0,4.0,gemini,,73cm60,dnpb3ft,1.0,1.0,1.0,gemini,
20241031143420587455,3.0,3.0,1.0,3.0,1.0,2.0,gemini,,60008e2ee4d8c913c602e0cd,5.0,6.0,6.0,6.0,6.0,6.0,5.0,2.0,6.0,gemini,,hit:401_conv:803,3.0,4.0,3.0,gemini,,78539v,dor647q,2.0,2.0,1.0,gemini,
20241031143614621777,4.0,3.0,2.0,1.0,1.0,1.0,gemini,,603fa7d057d382087d66d1c2,6.0,6.0,6.0,6.0,6.0,6.0,6.0,2.0,5.0,gemini,,hit:4090_conv:8181,2.0,2.0,4.0,gemini,,78chdu,doss7uo,0.0,1.0,1.0,gemini,
20241031143623775499,4.0,4.0,1.0,4.0,3.0,2.0,gemini,,608bfa04767191aa4d57bfd8,5.0,5.0,5.0,5.0,5.0,5.0,3.0,5.0,5.0,gemini,,hit:4103_conv:8207,4.0,4.0,4.0,gemini,,79ws1b,dp5j55v,1.0,1.0,1.0,gemini,
20241031143714391442,3.0,4.0,1.0,1.0,1.0,2.0,gemini,,609122350e5b8e743ab41f79,6.0,6.0,5.0,5.0,6.0,6.0,5.0,5.0,6.0,gemini,,hit:4233_conv:8466,2.0,4.0,4.0,gemini,,7bae7a,dphh2hi,2.0,2.0,1.0,gemini,
20241031143721849193,1.0,2.0,1.0,4.0,1.0,4.0,gemini,,60f4e3ab507bbb123f866e88,5.0,5.0,5.0,5.0,5.0,6.0,5.0,5.0,5.0,gemini,,hit:4345_conv:8691,4.0,4.0,4.0,gemini,,7ce4za,dpp7tc5,1.0,1.0,1.0,gemini,
20241031143941950562,2.0,2.0,1.0,1.0,3.0,2.0,gemini,,60fd080d5476f4a77211bafb,6.0,6.0,6.0,6.0,6.0,6.0,6.0,2.0,5.0,gemini,,hit:4722_conv:9445,2.0,4.0,4.0,gemini,,7f5fsf,dq9m34m,1.0,1.0,1.0,gemini,
20241031144011171565,4.0,2.0,1.0,2.0,1.0,1.0,gemini,,60fd462512ad2ae6071668f3,3.0,3.0,3.0,3.0,3.0,3.0,2.0,2.0,2.0,gemini,,hit:478_conv:956,4.0,3.0,3.0,gemini,,7faqco,dqasc1x,0.0,0.0,0.0,gemini,
20241031144225966527,4.0,4.0,1.0,3.0,1.0,1.0,gemini,,614e7ad7ff5a0d785d5e550a,5.0,5.0,5.0,5.0,5.0,5.0,5.0,5.0,5.0,gemini,,hit:4844_conv:9689,2.0,4.0,4.0,gemini,,7rmqzi,dsy41wd,1.0,0.0,1.0,gemini,
20241031144237228364,4.0,4.0,1.0,2.0,1.0,2.0,gemini,,629531cb501e6d23d9797050,3.0,3.0,3.0,3.0,5.0,3.0,2.0,6.0,5.0,gemini,,hit:529_conv:1059,2.0,3.0,4.0,gemini,,7xxfqn,duby1kh,1.0,1.0,1.0,gemini,
20241031144350174874,4.0,4.0,1.0,2.0,4.0,1.0,gemini,,629668d2eeced89db00b93bf,5.0,5.0,5.0,5.0,5.0,5.0,5.0,3.0,5.0,gemini,,hit:5323_conv:10646,2.0,2.0,2.0,gemini,,7yo4vo,duhyac3,1.0,1.0,1.0,gemini,
20241031144401095945,1.0,2.0,1.0,4.0,1.0,4.0,gemini,,62cbf51439a76e8fccd8a495,6.0,6.0,6.0,6.0,6.0,6.0,6.0,2.0,6.0,gemini,,hit:5574_conv:11149,4.0,4.0,4.0,gemini,,857ps1,dvve0kf,1.0,1.0,1.0,gemini,
20241031144410053256,4.0,4.0,3.0,2.0,1.0,2.0,gemini,,62e05a40c77214b0772d5596,3.0,3.0,3.0,3.0,3.0,3.0,2.0,6.0,4.0,gemini,,hit:5579_conv:11158,4.0,2.0,4.0,gemini,,88gtly,dwki84l,1.0,1.0,1.0,gemini,
20241031144618187410,2.0,4.0,1.0,2.0,1.0,2.0,gemini,,632e9aa62793c18a857aece4,5.0,5.0,5.0,5.0,6.0,5.0,5.0,2.0,5.0,gemini,,hit:6053_conv:12106,2.0,2.0,4.0,gemini,,88x2l7,dwnvlat,1.0,1.0,1.0,gemini,
20241031144657019855,3.0,3.0,1.0,2.0,1.0,2.0,gemini,,63386e75b02c4d7013c1198b,6.0,6.0,6.0,6.0,6.0,6.0,6.0,2.0,6.0,gemini,,hit:6367_conv:12734,2.0,4.0,4.0,gemini,,88x9zy,dwpez20,1.0,1.0,1.0,gemini,
20241031144740239368,2.0,2.0,1.0,4.0,2.0,2.0,gemini,,6361560a2e3e691ad312fed2,2.0,2.0,2.0,2.0,2.0,2.0,1.0,5.0,3.0,gemini,,hit:6613_conv:13226,2.0,2.0,4.0,gemini,,8fzl06,dy7mpoe,1.0,1.0,1.0,gemini,
20241031144856903579,3.0,3.0,2.0,3.0,1.0,2.0,gemini,,6387db71396bd54b2e9fcd09,5.0,5.0,5.0,5.0,5.0,5.0,5.0,3.0,5.0,gemini,,hit:6759_conv:13519,4.0,4.0,4.0,gemini,,8ix424,dywk9hy,2.0,1.0,2.0,gemini,
20241031145050008738,1.0,3.0,1.0,4.0,1.0,2.0,gemini,,638bb18e1bd657c755e5148f,5.0,6.0,5.0,5.0,6.0,6.0,6.0,5.0,6.0,gemini,,hit:7112_conv:14224,3.0,2.0,2.0,gemini,,8w0orm,e1ruepi,1.0,1.0,1.0,gemini,
20241031145103738386,2.0,4.0,2.0,2.0,1.0,2.0,gemini,,6390fd9157f0dc14e247a0d6,1.0,1.0,1.0,1.0,1.0,1.0,1.0,1.0,5.0,gemini,,hit:7797_conv:15594,1.0,1.0,4.0,gemini,,92z9nn,e3a2xof,1.0,1.0,1.0,gemini,
20241031145117414259,4.0,4.0,2.0,2.0,3.0,1.0,gemini,,639dd20ab47fd76a4fd9c2c0,6.0,6.0,6.0,6.0,6.0,6.0,6.0,2.0,6.0,gemini,,hit:8012_conv:16024,4.0,4.0,4.0,gemini,,96kkj0,e4173mc,1.0,1.0,1.0,gemini,
20241031145139367719,4.0,2.0,1.0,2.0,1.0,2.0,gemini,,63c13fcab1eda5bbe034a17c,3.0,3.0,3.0,5.0,5.0,3.0,3.0,5.0,5.0,gemini,,hit:8290_conv:16581,4.0,4.0,4.0,gemini,,97keuy,e48xfwa,1.0,1.0,1.0,gemini,
20241031145619979111,4.0,4.0,1.0,2.0,1.0,2.0,gemini,,63d13d00a2e69ec8e1956a07,6.0,6.0,6.0,6.0,6.0,6.0,5.0,2.0,6.0,gemini,,hit:8311_conv:16622,5.0,4.0,4.0,gemini,,982bo3,e4d9lz8,1.0,1.0,1.0,gemini,
20241031145640298594,4.0,4.0,3.0,2.0,1.0,1.0,gemini,,63d1834e69a637cd32f16634,6.0,6.0,6.0,6.0,6.0,6.0,6.0,2.0,6.0,gemini,,hit:8681_conv:17362,2.0,2.0,4.0,gemini,,99yrsp,e4req4x,1.0,1.0,1.0,gemini,
20241031145659196118,3.0,4.0,2.0,3.0,3.0,2.0,gemini,,63d455d193df3edfdfa6529f,6.0,6.0,6.0,6.0,6.0,6.0,6.0,5.0,6.0,gemini,,hit:887_conv:1775,3.0,4.0,4.0,gemini,,9t0b89,e8txotz,2.0,1.0,1.0,gemini,
20241031145710438129,3.0,4.0,1.0,2.0,1.0,1.0,gemini,,63d7eca29f0291aff53b003e,6.0,6.0,6.0,6.0,6.0,6.0,6.0,5.0,6.0,gemini,,hit:8986_conv:17972,4.0,5.0,5.0,gemini,,9u1441,e90or0r,1.0,1.0,1.0,gemini,
20241031145838989513,2.0,2.0,1.0,4.0,1.0,2.0,gemini,,63f77fef0855adb7fa65873d,5.0,4.0,4.0,5.0,5.0,5.0,4.0,5.0,5.0,gemini,,hit:9116_conv:18233,2.0,2.0,1.0,gemini,,9v6l4y,e9a6rlo,1.0,1.0,1.0,gemini,
20241031145848519908,4.0,2.0,2.0,1.0,1.0,2.0,gemini,,63fb73b8e64f455117b045b9,6.0,6.0,6.0,6.0,6.0,6.0,6.0,5.0,6.0,gemini,,hit:9338_conv:18676,2.0,2.0,3.0,gemini,,9vo55d,e9eqspg,0.0,0.0,0.0,gemini,
20241031150235217462,5.0,4.0,3.0,4.0,3.0,1.0,gemini,,6428f7ac297e312f7262d93b,6.0,6.0,6.0,6.0,6.0,6.0,6.0,5.0,6.0,gemini,,hit:9349_conv:18698,3.0,4.0,4.0,gemini,,9y3cea,eb4ngh9,0.0,0.0,1.0,gemini,
20241031150253617689,4.0,2.0,3.0,2.0,1.0,1.0,gemini,,6435d9620649d3801b71cc8b,5.0,5.0,5.0,5.0,5.0,5.0,5.0,5.0,6.0,gemini,,hit:965_conv:1930,4.0,4.0,4.0,gemini,,a2bynd,eawx6f6,1.0,2.0,1.0,gemini,
20241031150257546670,3.0,4.0,2.0,2.0,1.0,2.0,gemini,,6455616c0fe23ecca70ce1b9,3.0,3.0,5.0,3.0,5.0,5.0,2.0,5.0,5.0,gemini,,hit:9772_conv:19545,3.0,4.0,4.0,gemini,,aivw81,eer413s,1.0,1.0,1.0,gemini,
20241031150832963315,2.0,3.0,1.0,4.0,1.0,3.0,gemini,,6483b3662d98a34fa389dcd7,5.0,5.0,5.0,5.0,5.0,6.0,5.0,5.0,6.0,gemini,,hit:9988_conv:19976,2.0,4.0,2.0,gemini,,ajccfi,eeujjeh,1.0,1.0,1.0,gemini,
20241031124050492385,2.6666666666666665,2.3333333333333335,3.0,2.6666666666666665,1.6666666666666667,2.0,crowd,,56e8bf5a870a8e000b4a8d6e,5.666666667,4.0,4.333333333,5.333333333,4.0,4.0,2.333333333,2.0,3.333333333,crowd,,hit:10145_conv:20290,4.5,5.0,5.0,crowd,,41g07l,cz26vua,1.0,1.0,2.0,crowd,
20241031124638971163,3.0,1.75,2.75,3.25,3.5,2.25,crowd,,57e7bb4e73e67300012b8e2a,4.666666667,4.333333333,5.0,4.666666667,4.666666667,4.666666667,3.0,5.0,4.333333333,crowd,,hit:10264_conv:20529,5.0,5.0,5.0,crowd,,43dc0h,czhnmqd,0.0,2.0,0.0,crowd,
20241031125810052721,4.0,3.3333333333333335,2.3333333333333335,1.6666666666666667,1.0,1.3333333333333333,crowd,,58509fbda6946500016117ed,5.666666667,5.666666667,5.333333333,5.333333333,5.333333333,5.333333333,5.666666667,6.0,5.666666667,crowd,,hit:11090_conv:22181,5.0,5.0,5.0,crowd,,46rnxz,d07n05c,0.0,2.0,0.0,crowd,
20241031125849757353,3.0,3.6666666666666665,4.0,2.0,2.0,2.0,crowd,,5850d667b64b9e00017cb722,6.333333333,6.0,6.0,6.666666667,5.333333333,5.666666667,6.666666667,6.0,6.333333333,crowd,,hit:11447_conv:22894,2.5,3.0,4.5,crowd,,47jmki,d0djxlk,1.0,0.0,0.0,crowd,
20241031130310482335,3.6666666666666665,4.666666666666667,2.3333333333333335,2.3333333333333335,2.3333333333333335,2.3333333333333335,crowd,,59e7477e3e4b5a00016aa4d2,5.333333333,5.0,5.0,5.666666667,5.333333333,3.0,3.0,6.333333333,3.0,crowd,,hit:11786_conv:23572,5.0,5.0,5.0,crowd,,4kz2qw,d3j6efd,0.0,0.0,0.0,crowd,
20241031131104204354,4.333333333333333,3.3333333333333335,1.6666666666666667,2.6666666666666665,2.3333333333333335,2.3333333333333335,crowd,,5bcc2cee0ba8a400012592f9,2.666666667,3.0,3.0,3.333333333,3.0,2.0,3.333333333,3.0,3.666666667,crowd,,hit:11794_conv:23589,5.0,3.0,3.5,crowd,,4re82s,d50d07m,0.0,2.0,0.0,crowd,
20241031141852450492,4.0,2.8333333333333335,4.0,3.1666666666666665,3.8333333333333335,2.1666666666666665,crowd,,5bfd81fb2feab400014d9060,6.666666667,6.333333333,6.0,5.666666667,6.0,6.0,6.0,4.333333333,5.333333333,crowd,,hit:12057_conv:24115,4.0,4.0,4.5,crowd,,5o2dfv,dcg770i,1.0,0.0,1.0,crowd,
20241031142002371691,2.3333333333333335,3.6666666666666665,3.0,3.3333333333333335,2.0,1.0,crowd,,5c0fcccc1f6f150001487111,5.666666667,6.333333333,6.333333333,6.333333333,5.666666667,5.333333333,6.0,1.666666667,5.333333333,crowd,,hit:12267_conv:24535,5.0,5.0,5.0,crowd,,5oc1v6,dcia967,0.0,0.0,0.0,crowd,
20241031142025401692,3.6666666666666665,2.6666666666666665,3.0,3.3333333333333335,2.6666666666666665,1.6666666666666667,crowd,,5c5b9ed5cdae0e0001c1b261,3.333333333,3.333333333,3.333333333,3.333333333,3.333333333,3.333333333,2.666666667,2.333333333,2.0,crowd,,hit:12276_conv:24553,5.0,5.0,5.0,crowd,,5pklsj,dcs78f7,0.0,0.0,0.0,crowd,
20241031142326744348,1.3333333333333333,2.0,2.3333333333333335,2.6666666666666665,1.6666666666666667,2.3333333333333335,crowd,,5cb489ff0cd1ed0017465d19,6.0,6.0,6.0,6.0,6.0,6.333333333,5.333333333,6.333333333,4.333333333,crowd,,hit:1490_conv:2981,4.5,5.0,4.5,crowd,,5udu49,ddtar8i,1.0,2.0,1.0,crowd,
20241031142343248156,3.4,3.6,3.0,3.0,3.2,2.2,crowd,,5d8e64ab4e055600157a3d90,6.666666667,6.666666667,6.666666667,6.666666667,6.666666667,6.666666667,4.0,7.0,5.0,crowd,,hit:1502_conv:3005,5.0,5.0,5.0,crowd,,5ziak3,deyb83s,1.0,0.0,0.0,crowd,
20241031142609584451,1.8,4.6,1.4,4.0,1.0,2.0,crowd,,5dab673188c639001080bec6,5.333333333,5.0,5.0,5.333333333,5.0,4.333333333,6.333333333,1.0,4.0,crowd,,hit:1670_conv:3341,5.0,5.0,5.0,crowd,,64vfny,dg5dua3,0.0,0.0,2.0,crowd,
20241031142631374406,2.727272727272727,1.818181818181818,2.7,3.6,2.1,2.7777777777777777,crowd,,5dcf0b7cffc3d8063f916612,6.666666667,6.666666667,6.0,6.0,6.666666667,6.0,7.0,3.666666667,5.666666667,crowd,,hit:2088_conv:4177,5.0,5.0,5.0,crowd,,68qep0,dh0heoe,2.0,0.0,0.0,crowd,
20241031142911674809,4.75,4.5,3.75,2.25,1.5,1.25,crowd,,5e1c71e9114df8000dddf2d6,5.333333333,5.333333333,5.333333333,5.333333333,5.666666667,4.666666667,3.333333333,6.0,4.666666667,crowd,,hit:2097_conv:4194,5.0,5.0,5.0,crowd,,6ay35x,dhiscyo,0.0,0.0,0.0,crowd,
20241031142922509539,5.0,3.3333333333333335,3.0,2.0,1.0,1.0,crowd,,5e84f020507cd30b367b2624,5.666666667,5.666666667,5.666666667,5.666666667,6.0,5.0,5.666666667,6.0,6.0,crowd,,hit:3104_conv:6209,5.0,5.0,5.0,crowd,,6d8bpd,di0nlb2,0.0,0.0,0.0,crowd,
20241031142939150275,2.0,3.25,2.0,3.0,1.0,3.25,crowd,,5ee5e3b02eebe932ee9559c5,5.333333333,6.0,6.0,5.666666667,5.666666667,5.333333333,6.0,6.333333333,4.666666667,crowd,,hit:3379_conv:6758,4.0,4.0,4.5,crowd,,6jy2ha,djhwgs6,1.0,1.0,0.0,crowd,
20241031143012041613,3.5,4.25,4.0,2.0,2.0,1.25,crowd,,5f4738bfa043201203a27b4b,5.666666667,5.666666667,5.666666667,6.0,5.666666667,5.0,5.0,2.333333333,3.333333333,crowd,,hit:3636_conv:7272,3.5,4.5,5.0,crowd,,6l2ex7,djr0aur,1.0,2.0,2.0,crowd,
20241031143018571296,3.3333333333333335,3.8333333333333335,2.1666666666666665,4.833333333333333,4.166666666666667,2.6666666666666665,crowd,,5f81ead00afba52e71dcf414,5.0,6.0,6.0,4.333333333,6.0,3.666666667,5.666666667,3.0,2.333333333,crowd,,hit:3735_conv:7470,5.0,5.0,5.0,crowd,,6m2aki,djzoxjg,0.0,2.0,0.0,crowd,
20241031143028878832,1.25,1.0,1.5,4.75,1.5,3.75,crowd,,5fc3d41149c0c8728f07b95b,4.333333333,4.333333333,4.333333333,4.666666667,4.0,3.666666667,4.333333333,4.333333333,3.666666667,crowd,,hit:3931_conv:7863,4.5,5.0,5.0,crowd,,71c0m3,dn9pkff,1.0,2.0,0.0,crowd,
20241031143107374365,1.0,4.5,1.5,4.0,3.0,3.0,crowd,,5fdfab734a329d034b0ea666,5.5,5.5,5.25,5.0,5.0,4.75,5.0,5.75,4.25,crowd,,hit:3961_conv:7922,5.0,5.0,5.0,crowd,,73cm60,dnpb3ft,0.0,2.0,0.0,crowd,
20241031143420587455,3.0,3.0,4.5,4.0,2.5,3.0,crowd,,60008e2ee4d8c913c602e0cd,6.0,6.333333333,6.0,6.0,6.0,5.666666667,6.0,5.333333333,5.333333333,crowd,,hit:401_conv:803,3.0,3.5,3.5,crowd,,78539v,dor647q,1.0,2.0,0.0,crowd,
20241031143614621777,4.666666666666667,4.0,3.0,1.5,2.0,1.1666666666666667,crowd,,603fa7d057d382087d66d1c2,2.666666667,3.0,2.666666667,2.666666667,3.333333333,2.666666667,1.333333333,1.0,1.0,crowd,,hit:4090_conv:8181,5.0,5.0,5.0,crowd,,78chdu,doss7uo,0.0,2.0,0.0,crowd,
20241031143623775499,3.0,4.0,4.5,2.5,3.5,2.0,crowd,,608bfa04767191aa4d57bfd8,2.666666667,2.666666667,3.0,3.333333333,3.333333333,2.666666667,4.333333333,3.0,4.0,crowd,,hit:4103_conv:8207,5.0,5.0,5.0,crowd,,79ws1b,dp5j55v,0.0,2.0,0.0,crowd,
20241031143714391442,4.0,4.333333333333333,3.3333333333333335,3.3333333333333335,2.3333333333333335,3.0,crowd,,609122350e5b8e743ab41f79,5.666666667,6.0,5.333333333,6.0,5.333333333,5.0,5.666666667,5.666666667,5.0,crowd,,hit:4233_conv:8466,4.5,4.5,5.0,crowd,,7bae7a,dphh2hi,0.0,2.0,0.0,crowd,
20241031143721849193,3.25,2.0,3.0,3.5,3.25,3.25,crowd,,60f4e3ab507bbb123f866e88,5.333333333,5.333333333,5.0,5.333333333,5.333333333,5.333333333,5.333333333,6.0,5.333333333,crowd,,hit:4345_conv:8691,5.0,5.0,5.0,crowd,,7ce4za,dpp7tc5,1.0,2.0,0.0,crowd,
20241031143941950562,2.3333333333333335,3.3333333333333335,2.0,1.3333333333333333,1.3333333333333333,2.0,crowd,,60fd080d5476f4a77211bafb,6.0,6.333333333,6.333333333,6.333333333,6.0,6.0,3.666666667,6.0,5.0,crowd,,hit:4722_conv:9445,5.0,5.0,4.5,crowd,,7f5fsf,dq9m34m,0.0,0.0,0.0,crowd,
20241031144011171565,4.0,3.2,2.6,1.4,1.2,1.2,crowd,,60fd462512ad2ae6071668f3,2.333333333,2.333333333,2.666666667,3.0,2.666666667,2.333333333,2.333333333,1.333333333,1.666666667,crowd,,hit:478_conv:956,3.5,4.0,4.0,crowd,,7faqco,dqasc1x,0.0,0.0,0.0,crowd,
20241031144225966527,4.5,4.5,3.25,4.5,2.5,2.5,crowd,,614e7ad7ff5a0d785d5e550a,5.666666667,5.666666667,5.666666667,5.666666667,5.666666667,5.666666667,5.666666667,5.666666667,5.0,crowd,,hit:4844_conv:9689,4.5,4.5,5.0,crowd,,7rmqzi,dsy41wd,1.0,0.0,0.0,crowd,
20241031144237228364,4.5,4.0,4.0,4.0,1.5,2.5,crowd,,629531cb501e6d23d9797050,5.0,5.666666667,5.666666667,5.666666667,5.0,5.333333333,2.333333333,5.666666667,3.666666667,crowd,,hit:529_conv:1059,5.0,5.0,5.0,crowd,,7xxfqn,duby1kh,1.0,0.0,0.0,crowd,
20241031144350174874,3.5,3.0,3.0,2.5,2.5,2.5,crowd,,629668d2eeced89db00b93bf,5.666666667,4.666666667,5.0,6.333333333,6.0,4.666666667,5.0,6.0,5.333333333,crowd,,hit:5323_conv:10646,3.5,4.5,5.0,crowd,,7yo4vo,duhyac3,1.0,2.0,2.0,crowd,
20241031144401095945,2.3333333333333335,4.0,2.6666666666666665,3.6666666666666665,2.0,4.333333333333333,crowd,,62cbf51439a76e8fccd8a495,4.0,3.333333333,3.666666667,3.666666667,4.0,4.0,4.0,1.666666667,2.666666667,crowd,,hit:5574_conv:11149,5.0,5.0,5.0,crowd,,857ps1,dvve0kf,0.0,1.0,2.0,crowd,
20241031144410053256,4.0,4.5,4.5,2.0,2.5,3.5,crowd,,62e05a40c77214b0772d5596,6.333333333,6.666666667,6.666666667,5.666666667,6.666666667,6.333333333,5.333333333,6.666666667,4.333333333,crowd,,hit:5579_conv:11158,5.0,5.0,5.0,crowd,,88gtly,dwki84l,0.0,0.0,0.0,crowd,
20241031144618187410,4.5,4.5,2.5,2.5,1.0,1.0,crowd,,632e9aa62793c18a857aece4,6.0,6.0,6.0,6.333333333,5.666666667,5.666666667,5.0,7.0,6.0,crowd,,hit:6053_conv:12106,4.0,4.0,4.5,crowd,,88x2l7,dwnvlat,1.0,2.0,2.0,crowd,
20241031144657019855,3.0,3.75,2.75,3.625,2.0,1.875,crowd,,63386e75b02c4d7013c1198b,6.333333333,6.333333333,6.333333333,6.333333333,6.333333333,6.0,6.333333333,4.0,5.666666667,crowd,,hit:6367_conv:12734,5.0,5.0,5.0,crowd,,88x9zy,dwpez20,1.0,0.0,0.0,crowd,
20241031144740239368,3.0,3.5,2.0,2.5,2.0,1.0,crowd,,6361560a2e3e691ad312fed2,2.333333333,2.333333333,2.333333333,2.333333333,2.333333333,2.333333333,1.333333333,5.333333333,3.0,crowd,,hit:6613_conv:13226,5.0,5.0,5.0,crowd,,8fzl06,dy7mpoe,0.0,0.0,0.0,crowd,
20241031144856903579,4.2,4.2,3.0,3.2,2.4,3.4,crowd,,6387db71396bd54b2e9fcd09,6.666666667,6.666666667,6.666666667,6.666666667,6.666666667,5.666666667,4.666666667,5.666666667,6.0,crowd,,hit:6759_conv:13519,4.0,4.0,4.5,crowd,,8ix424,dywk9hy,1.0,2.0,1.0,crowd,
20241031145050008738,2.5,4.0,3.5,2.5,1.5,1.5,crowd,,638bb18e1bd657c755e5148f,6.0,6.333333333,7.0,6.0,6.333333333,5.0,5.333333333,6.666666667,5.666666667,crowd,,hit:7112_conv:14224,4.0,4.5,5.0,crowd,,8w0orm,e1ruepi,1.0,2.0,2.0,crowd,
20241031145103738386,4.0,4.666666666666667,3.6666666666666665,1.3333333333333333,1.0,1.3333333333333333,crowd,,6390fd9157f0dc14e247a0d6,1.333333333,2.0,2.0,1.666666667,3.0,3.0,2.333333333,4.333333333,2.0,crowd,,hit:7797_conv:15594,5.0,5.0,5.0,crowd,,92z9nn,e3a2xof,0.0,2.0,0.0,crowd,
20241031145117414259,3.7,4.0,2.7777777777777777,2.2222222222222223,3.111111111111111,1.2222222222222223,crowd,,639dd20ab47fd76a4fd9c2c0,6.666666667,6.0,6.666666667,6.333333333,6.0,6.0,5.333333333,6.0,6.0,crowd,,hit:8012_conv:16024,5.0,5.0,5.0,crowd,,96kkj0,e4173mc,1.0,1.0,2.0,crowd,
20241031145139367719,3.25,3.5,3.0,3.75,2.25,1.5,crowd,,63c13fcab1eda5bbe034a17c,6.333333333,6.0,6.333333333,6.333333333,6.0,6.333333333,4.333333333,6.0,4.0,crowd,,hit:8290_conv:16581,5.0,5.0,5.0,crowd,,97keuy,e48xfwa,2.0,0.0,0.0,crowd,
20241031145619979111,4.4,4.4,3.4,3.0,1.8,1.0,crowd,,63d13d00a2e69ec8e1956a07,5.666666667,5.666666667,5.333333333,4.333333333,5.333333333,4.333333333,4.0,2.333333333,3.0,crowd,,hit:8311_conv:16622,5.0,5.0,5.0,crowd,,982bo3,e4d9lz8,0.0,2.0,0.0,crowd,
20241031145640298594,4.3,4.5,4.1,2.2,2.0,1.5,crowd,,63d1834e69a637cd32f16634,4.666666667,4.666666667,5.0,5.0,4.666666667,4.0,4.333333333,2.666666667,3.333333333,crowd,,hit:8681_conv:17362,3.5,4.0,4.5,crowd,,99yrsp,e4req4x,0.0,0.0,0.0,crowd,
20241031145659196118,2.75,3.5,2.75,2.5,3.0,3.0,crowd,,63d455d193df3edfdfa6529f,6.333333333,6.0,5.666666667,6.0,5.666666667,6.0,6.0,5.666666667,6.0,crowd,,hit:887_conv:1775,4.0,5.0,5.0,crowd,,9t0b89,e8txotz,1.0,2.0,0.0,crowd,
20241031145710438129,4.0,4.5,3.5,2.5,2.0,2.25,crowd,,63d7eca29f0291aff53b003e,6.333333333,5.0,4.333333333,4.666666667,6.0,5.333333333,3.333333333,6.0,4.333333333,crowd,,hit:8986_conv:17972,5.0,5.0,5.0,crowd,,9u1441,e90or0r,1.0,2.0,2.0,crowd,
20241031145838989513,2.0,2.5,1.0,3.5,2.0,3.0,crowd,,63f77fef0855adb7fa65873d,4.333333333,3.333333333,3.666666667,4.0,4.333333333,3.333333333,2.333333333,5.0,3.0,crowd,,hit:9116_conv:18233,4.0,4.5,5.0,crowd,,9v6l4y,e9a6rlo,0.0,0.0,1.0,crowd,
20241031145848519908,4.666666666666667,3.0,3.6666666666666665,4.0,2.0,2.0,crowd,,63fb73b8e64f455117b045b9,6.5,6.5,6.5,6.5,6.5,6.5,6.5,5.5,6.5,crowd,,hit:9338_conv:18676,5.0,5.0,5.0,crowd,,9vo55d,e9eqspg,0.0,0.0,2.0,crowd,
20241031150235217462,4.5,5.0,4.5,2.5,1.0,1.0,crowd,,6428f7ac297e312f7262d93b,6.5,6.25,5.75,6.25,7.0,6.25,5.75,6.75,5.5,crowd,,hit:9349_conv:18698,5.0,5.0,5.0,crowd,,9y3cea,eb4ngh9,0.0,0.0,2.0,crowd,
20241031150253617689,3.5,2.5,3.5,3.0,2.0,3.0,crowd,,6435d9620649d3801b71cc8b,6.333333333,6.333333333,6.333333333,6.333333333,6.333333333,6.333333333,6.0,5.333333333,5.0,crowd,,hit:965_conv:1930,4.0,4.5,4.5,crowd,,a2bynd,eawx6f6,1.0,2.0,1.0,crowd,
20241031150257546670,4.25,4.25,2.75,2.75,1.0,1.25,crowd,,6455616c0fe23ecca70ce1b9,5.666666667,5.333333333,5.333333333,5.0,5.0,4.0,3.666666667,5.333333333,4.666666667,crowd,,hit:9772_conv:19545,5.0,5.0,5.0,crowd,,aivw81,eer413s,0.0,2.0,0.0,crowd,
20241031150832963315,3.5,3.0,2.0,4.0,1.6666666666666667,2.0,crowd,,6483b3662d98a34fa389dcd7,6.0,6.0,6.0,6.0,6.0,6.0,6.333333333,6.333333333,5.666666667,crowd,,hit:9988_conv:19976,5.0,5.0,5.0,crowd,,ajccfi,eeujjeh,1.0,2.0,0.0,crowd,
20241031124050492385,2.0,1.0,1.0,4.333333333333333,1.0,3.3333333333333335,experts_mean,,56e8bf5a870a8e000b4a8d6e,1.3333333333333333,1.0,1.0,1.0,1.0,1.0,1.0,1.0,1.3333333333333333,experts_mean,,hit:10145_conv:20290,4.666666666666667,5.0,5.0,experts_mean,,41g07l,cz26vua,1.0,1.6666666666666667,1.3333333333333333,experts_mean,
20241031124638971163,2.6666666666666665,1.0,1.6666666666666667,2.0,3.6666666666666665,1.0,experts_mean,,57e7bb4e73e67300012b8e2a,1.6666666666666667,1.0,1.0,1.0,1.0,1.0,1.0,3.0,2.3333333333333335,experts_mean,,hit:10264_conv:20529,4.333333333333333,5.0,4.666666666666667,experts_mean,,43dc0h,czhnmqd,0.6666666666666666,0.6666666666666666,0.0,experts_mean,
20241031125810052721,1.6666666666666667,1.6666666666666667,2.0,2.0,1.0,1.0,experts_mean,,58509fbda6946500016117ed,5.0,5.0,5.0,5.0,5.0,3.3333333333333335,4.0,3.6666666666666665,4.333333333333333,experts_mean,,hit:11090_conv:22181,4.666666666666667,5.0,4.666666666666667,experts_mean,,46rnxz,d07n05c,0.0,1.0,0.0,experts_mean,
20241031125849757353,3.0,2.3333333333333335,2.6666666666666665,2.6666666666666665,1.0,1.3333333333333333,experts_mean,,5850d667b64b9e00017cb722,5.0,5.0,5.0,5.0,4.666666666666667,4.0,5.0,1.6666666666666667,4.0,experts_mean,,hit:11447_conv:22894,2.3333333333333335,3.3333333333333335,4.0,experts_mean,,47jmki,d0djxlk,1.0,0.6666666666666666,0.0,experts_mean,
20241031130310482335,2.3333333333333335,3.0,1.0,1.0,1.0,1.0,experts_mean,,59e7477e3e4b5a00016aa4d2,1.6666666666666667,1.6666666666666667,1.6666666666666667,1.6666666666666667,1.6666666666666667,2.0,1.0,3.0,2.6666666666666665,experts_mean,,hit:11786_conv:23572,4.0,4.333333333333333,5.0,experts_mean,,4kz2qw,d3j6efd,1.3333333333333333,1.3333333333333333,0.0,experts_mean,
20241031131104204354,1.6666666666666667,1.3333333333333333,1.0,2.0,1.0,1.6666666666666667,experts_mean,,5bcc2cee0ba8a400012592f9,2.3333333333333335,2.3333333333333335,2.3333333333333335,2.6666666666666665,2.0,2.0,2.6666666666666665,2.0,2.3333333333333335,experts_mean,,hit:11794_conv:23589,1.0,1.0,4.333333333333333,experts_mean,,4re82s,d50d07m,1.0,1.0,0.0,experts_mean,
20241031141852450492,2.6666666666666665,1.0,1.6666666666666667,2.0,2.0,1.3333333333333333,experts_mean,,5bfd81fb2feab400014d9060,3.6666666666666665,3.6666666666666665,3.6666666666666665,3.6666666666666665,3.6666666666666665,3.6666666666666665,4.666666666666667,4.666666666666667,4.666666666666667,experts_mean,,hit:12057_conv:24115,4.0,5.0,5.0,experts_mean,,5o2dfv,dcg770i,0.3333333333333333,0.0,2.0,experts_mean,
20241031142002371691,2.6666666666666665,3.0,1.0,3.0,1.0,1.0,experts_mean,,5c0fcccc1f6f150001487111,3.0,3.0,2.6666666666666665,2.6666666666666665,2.3333333333333335,3.3333333333333335,2.6666666666666665,2.6666666666666665,3.3333333333333335,experts_mean,,hit:12267_conv:24535,4.333333333333333,4.333333333333333,5.0,experts_mean,,5oc1v6,dcia967,0.0,0.6666666666666666,0.0,experts_mean,
20241031142025401692,1.6666666666666667,2.0,1.0,2.6666666666666665,1.6666666666666667,2.3333333333333335,experts_mean,,5c5b9ed5cdae0e0001c1b261,5.0,3.0,2.3333333333333335,5.0,1.6666666666666667,1.0,1.6666666666666667,1.0,2.0,experts_mean,,hit:12276_conv:24553,5.0,5.0,5.0,experts_mean,,5pklsj,dcs78f7,0.0,0.0,0.0,experts_mean,
20241031142326744348,1.6666666666666667,2.6666666666666665,1.6666666666666667,3.3333333333333335,1.0,1.6666666666666667,experts_mean,,5cb489ff0cd1ed0017465d19,5.333333333333333,5.0,5.0,5.333333333333333,5.0,4.666666666666667,3.0,3.3333333333333335,4.333333333333333,experts_mean,,hit:1490_conv:2981,4.0,5.0,5.0,experts_mean,,5udu49,ddtar8i,1.6666666666666667,1.6666666666666667,1.6666666666666667,experts_mean,
20241031142343248156,2.3333333333333335,2.6666666666666665,1.6666666666666667,3.6666666666666665,3.0,1.3333333333333333,experts_mean,,5d8e64ab4e055600157a3d90,3.6666666666666665,3.6666666666666665,3.0,3.0,3.3333333333333335,2.6666666666666665,3.3333333333333335,4.333333333333333,3.6666666666666665,experts_mean,,hit:1502_conv:3005,3.6666666666666665,5.0,5.0,experts_mean,,5ziak3,deyb83s,1.0,0.6666666666666666,0.0,experts_mean,
20241031142609584451,1.0,3.6666666666666665,1.0,3.0,1.0,1.0,experts_mean,,5dab673188c639001080bec6,4.0,4.0,4.0,4.0,3.6666666666666665,3.6666666666666665,4.0,1.0,2.3333333333333335,experts_mean,,hit:1670_conv:3341,1.3333333333333333,3.6666666666666665,5.0,experts_mean,,64vfny,dg5dua3,0.0,0.0,1.0,experts_mean,
20241031142631374406,1.6666666666666667,1.0,1.0,4.333333333333333,1.0,2.3333333333333335,experts_mean,,5dcf0b7cffc3d8063f916612,3.3333333333333335,3.3333333333333335,3.6666666666666665,3.3333333333333335,3.3333333333333335,4.333333333333333,3.6666666666666665,3.6666666666666665,3.3333333333333335,experts_mean,,hit:2088_conv:4177,4.333333333333333,4.333333333333333,4.666666666666667,experts_mean,,68qep0,dh0heoe,1.6666666666666667,1.6666666666666667,0.0,experts_mean,
20241031142911674809,3.3333333333333335,3.6666666666666665,3.3333333333333335,1.0,1.0,1.0,experts_mean,,5e1c71e9114df8000dddf2d6,4.666666666666667,3.0,3.0,4.333333333333333,3.6666666666666665,4.333333333333333,2.3333333333333335,5.0,5.0,experts_mean,,hit:2097_conv:4194,4.666666666666667,5.0,5.0,experts_mean,,6ay35x,dhiscyo,0.6666666666666666,0.6666666666666666,0.0,experts_mean,
20241031142922509539,3.3333333333333335,2.6666666666666665,1.6666666666666667,2.0,1.0,1.3333333333333333,experts_mean,,5e84f020507cd30b367b2624,4.666666666666667,4.666666666666667,4.333333333333333,4.333333333333333,4.333333333333333,5.0,2.0,5.0,4.666666666666667,experts_mean,,hit:3104_conv:6209,4.333333333333333,4.666666666666667,5.0,experts_mean,,6d8bpd,di0nlb2,0.6666666666666666,0.6666666666666666,0.0,experts_mean,
20241031142939150275,1.0,3.6666666666666665,2.0,1.6666666666666667,1.0,1.3333333333333333,experts_mean,,5ee5e3b02eebe932ee9559c5,4.333333333333333,4.666666666666667,4.0,4.666666666666667,4.0,4.0,3.6666666666666665,4.0,4.0,experts_mean,,hit:3379_conv:6758,4.333333333333333,5.0,5.0,experts_mean,,6jy2ha,djhwgs6,0.3333333333333333,0.6666666666666666,0.0,experts_mean,
20241031143012041613,1.6666666666666667,2.0,1.0,2.6666666666666665,1.0,1.3333333333333333,experts_mean,,5f4738bfa043201203a27b4b,4.333333333333333,4.333333333333333,4.333333333333333,4.333333333333333,3.6666666666666665,3.3333333333333335,4.333333333333333,2.0,3.3333333333333335,experts_mean,,hit:3636_conv:7272,3.6666666666666665,4.666666666666667,5.0,experts_mean,,6l2ex7,djr0aur,1.3333333333333333,2.0,0.0,experts_mean,
20241031143018571296,2.0,2.0,1.0,4.0,3.0,1.3333333333333333,experts_mean,,5f81ead00afba52e71dcf414,5.666666666666667,6.333333333333333,5.666666666666667,6.333333333333333,6.333333333333333,5.666666666666667,6.0,1.0,5.333333333333333,experts_mean,,hit:3735_conv:7470,1.0,3.3333333333333335,5.0,experts_mean,,6m2aki,djzoxjg,0.0,0.6666666666666666,0.0,experts_mean,
20241031143028878832,1.6666666666666667,1.0,1.6666666666666667,4.333333333333333,1.0,2.3333333333333335,experts_mean,,5fc3d41149c0c8728f07b95b,4.0,4.0,4.0,3.6666666666666665,4.0,4.333333333333333,4.333333333333333,5.0,4.333333333333333,experts_mean,,hit:3931_conv:7863,2.6666666666666665,4.333333333333333,5.0,experts_mean,,71c0m3,dn9pkff,1.0,0.6666666666666666,0.0,experts_mean,
20241031143107374365,2.0,2.6666666666666665,1.0,2.6666666666666665,1.0,1.3333333333333333,experts_mean,,5fdfab734a329d034b0ea666,2.3333333333333335,1.6666666666666667,1.6666666666666667,2.3333333333333335,1.6666666666666667,2.3333333333333335,2.0,3.0,2.3333333333333335,experts_mean,,hit:3961_conv:7922,3.3333333333333335,5.0,5.0,experts_mean,,73cm60,dnpb3ft,0.6666666666666666,0.6666666666666666,0.0,experts_mean,
20241031143420587455,2.6666666666666665,2.6666666666666665,2.3333333333333335,2.0,1.0,1.0,experts_mean,,60008e2ee4d8c913c602e0cd,4.0,4.0,3.6666666666666665,4.0,3.6666666666666665,4.0,4.666666666666667,3.6666666666666665,4.333333333333333,experts_mean,,hit:401_conv:803,2.3333333333333335,3.3333333333333335,3.6666666666666665,experts_mean,,78539v,dor647q,2.0,1.6666666666666667,0.6666666666666666,experts_mean,
20241031143614621777,4.333333333333333,3.6666666666666665,4.0,1.0,1.6666666666666667,1.0,experts_mean,,603fa7d057d382087d66d1c2,2.3333333333333335,1.6666666666666667,1.6666666666666667,2.3333333333333335,2.0,2.0,2.0,1.0,1.6666666666666667,experts_mean,,hit:4090_conv:8181,2.0,4.333333333333333,5.0,experts_mean,,78chdu,doss7uo,0.0,0.6666666666666666,0.0,experts_mean,
20241031143623775499,2.3333333333333335,2.0,1.0,3.0,2.0,1.3333333333333333,experts_mean,,608bfa04767191aa4d57bfd8,3.6666666666666665,3.6666666666666665,3.6666666666666665,3.6666666666666665,3.6666666666666665,3.6666666666666665,3.6666666666666665,3.3333333333333335,3.3333333333333335,experts_mean,,hit:4103_conv:8207,5.0,4.666666666666667,4.666666666666667,experts_mean,,79ws1b,dp5j55v,0.6666666666666666,0.6666666666666666,0.0,experts_mean,
20241031143714391442,2.6666666666666665,3.6666666666666665,3.0,1.0,1.0,1.0,experts_mean,,609122350e5b8e743ab41f79,4.333333333333333,4.0,4.0,4.333333333333333,4.333333333333333,4.666666666666667,5.0,4.0,4.0,experts_mean,,hit:4233_conv:8466,2.6666666666666665,4.666666666666667,5.0,experts_mean,,7bae7a,dphh2hi,0.6666666666666666,2.0,0.0,experts_mean,
20241031143721849193,1.6666666666666667,1.0,1.0,4.0,1.6666666666666667,4.333333333333333,experts_mean,,60f4e3ab507bbb123f866e88,3.3333333333333335,2.6666666666666665,2.3333333333333335,2.6666666666666665,2.3333333333333335,2.0,3.0,3.0,3.0,experts_mean,,hit:4345_conv:8691,4.0,5.0,4.333333333333333,experts_mean,,7ce4za,dpp7tc5,1.3333333333333333,1.6666666666666667,0.0,experts_mean,
20241031143941950562,1.0,1.3333333333333333,1.0,1.6666666666666667,2.0,1.0,experts_mean,,60fd080d5476f4a77211bafb,2.3333333333333335,2.0,2.0,2.0,2.0,2.6666666666666665,2.3333333333333335,1.0,2.3333333333333335,experts_mean,,hit:4722_conv:9445,3.6666666666666665,5.0,5.0,experts_mean,,7f5fsf,dq9m34m,0.0,1.0,0.0,experts_mean,
20241031144011171565,3.3333333333333335,2.0,1.6666666666666667,1.0,1.0,1.0,experts_mean,,60fd462512ad2ae6071668f3,3.0,2.6666666666666665,2.6666666666666665,2.6666666666666665,2.6666666666666665,2.6666666666666665,3.6666666666666665,2.3333333333333335,2.6666666666666665,experts_mean,,hit:478_conv:956,3.3333333333333335,3.6666666666666665,3.0,experts_mean,,7faqco,dqasc1x,0.0,0.6666666666666666,0.0,experts_mean,
20241031144225966527,1.6666666666666667,3.0,1.0,4.0,1.0,1.0,experts_mean,,614e7ad7ff5a0d785d5e550a,3.3333333333333335,3.6666666666666665,3.0,3.0,2.3333333333333335,3.6666666666666665,4.0,3.3333333333333335,3.6666666666666665,experts_mean,,hit:4844_conv:9689,4.666666666666667,5.0,5.0,experts_mean,,7rmqzi,dsy41wd,1.0,0.0,0.0,experts_mean,
20241031144237228364,1.6666666666666667,2.6666666666666665,1.6666666666666667,2.0,1.0,1.3333333333333333,experts_mean,,629531cb501e6d23d9797050,3.0,3.6666666666666665,3.6666666666666665,3.6666666666666665,3.0,3.3333333333333335,1.6666666666666667,6.333333333333333,4.666666666666667,experts_mean,,hit:529_conv:1059,4.333333333333333,4.666666666666667,5.0,experts_mean,,7xxfqn,duby1kh,1.0,0.6666666666666666,0.0,experts_mean,
20241031144350174874,3.3333333333333335,3.0,1.0,2.0,2.3333333333333335,1.0,experts_mean,,629668d2eeced89db00b93bf,3.0,3.3333333333333335,3.3333333333333335,3.0,3.0,2.0,2.3333333333333335,3.6666666666666665,2.0,experts_mean,,hit:5323_conv:10646,3.6666666666666665,5.0,5.0,experts_mean,,7yo4vo,duhyac3,1.0,1.0,0.0,experts_mean,
20241031144401095945,1.0,1.0,1.0,3.3333333333333335,1.0,2.0,experts_mean,,62cbf51439a76e8fccd8a495,3.6666666666666665,3.6666666666666665,3.6666666666666665,3.6666666666666665,3.0,3.3333333333333335,3.6666666666666665,1.6666666666666667,3.0,experts_mean,,hit:5574_conv:11149,3.3333333333333335,5.0,4.666666666666667,experts_mean,,857ps1,dvve0kf,0.6666666666666666,1.0,1.0,experts_mean,
20241031144410053256,3.6666666666666665,3.0,4.666666666666667,1.6666666666666667,1.0,1.0,experts_mean,,62e05a40c77214b0772d5596,2.3333333333333335,2.3333333333333335,2.6666666666666665,2.3333333333333335,2.6666666666666665,2.6666666666666665,2.0,4.0,3.3333333333333335,experts_mean,,hit:5579_conv:11158,5.0,5.0,5.0,experts_mean,,88gtly,dwki84l,0.0,1.0,0.0,experts_mean,
20241031144618187410,2.0,3.6666666666666665,1.6666666666666667,2.0,1.0,1.0,experts_mean,,632e9aa62793c18a857aece4,5.0,5.0,4.666666666666667,5.0,4.333333333333333,5.0,4.666666666666667,1.6666666666666667,4.0,experts_mean,,hit:6053_conv:12106,2.3333333333333335,4.333333333333333,5.0,experts_mean,,88x2l7,dwnvlat,1.0,0.6666666666666666,1.0,experts_mean,
20241031144657019855,2.0,3.0,1.0,1.3333333333333333,1.0,2.0,experts_mean,,63386e75b02c4d7013c1198b,6.0,6.333333333333333,5.666666666666667,6.0,5.666666666666667,6.333333333333333,6.0,4.666666666666667,5.333333333333333,experts_mean,,hit:6367_conv:12734,4.666666666666667,5.0,4.666666666666667,experts_mean,,88x9zy,dwpez20,1.3333333333333333,1.3333333333333333,0.0,experts_mean,
20241031144740239368,2.0,3.3333333333333335,1.0,3.6666666666666665,2.3333333333333335,1.0,experts_mean,,6361560a2e3e691ad312fed2,2.3333333333333335,1.3333333333333333,1.3333333333333333,1.0,1.0,1.0,1.0,4.666666666666667,2.3333333333333335,experts_mean,,hit:6613_conv:13226,3.3333333333333335,4.666666666666667,5.0,experts_mean,,8fzl06,dy7mpoe,0.0,0.6666666666666666,0.0,experts_mean,
20241031144856903579,2.3333333333333335,2.0,2.0,2.0,1.0,1.0,experts_mean,,6387db71396bd54b2e9fcd09,2.3333333333333335,2.0,2.0,2.0,2.0,2.0,2.3333333333333335,3.0,2.0,experts_mean,,hit:6759_conv:13519,3.6666666666666665,5.0,5.0,experts_mean,,8ix424,dywk9hy,0.3333333333333333,1.0,2.0,experts_mean,
20241031145050008738,1.0,3.0,1.6666666666666667,3.3333333333333335,1.0,2.0,experts_mean,,638bb18e1bd657c755e5148f,4.666666666666667,4.333333333333333,4.333333333333333,4.666666666666667,4.666666666666667,4.333333333333333,4.666666666666667,5.333333333333333,5.333333333333333,experts_mean,,hit:7112_conv:14224,3.6666666666666665,4.666666666666667,5.0,experts_mean,,8w0orm,e1ruepi,1.6666666666666667,1.3333333333333333,0.0,experts_mean,
20241031145103738386,1.6666666666666667,4.0,1.6666666666666667,2.0,1.0,2.0,experts_mean,,6390fd9157f0dc14e247a0d6,1.3333333333333333,1.0,1.0,2.6666666666666665,2.0,3.0,2.3333333333333335,5.333333333333333,4.333333333333333,experts_mean,,hit:7797_conv:15594,5.0,5.0,5.0,experts_mean,,92z9nn,e3a2xof,0.0,1.0,0.6666666666666666,experts_mean,
20241031145117414259,2.3333333333333335,3.0,2.0,2.0,3.0,1.3333333333333333,experts_mean,,639dd20ab47fd76a4fd9c2c0,5.333333333333333,5.333333333333333,5.666666666666667,5.666666666666667,5.333333333333333,4.666666666666667,4.0,4.333333333333333,5.0,experts_mean,,hit:8012_conv:16024,5.0,5.0,5.0,experts_mean,,96kkj0,e4173mc,1.0,0.6666666666666666,1.0,experts_mean,
20241031145139367719,2.6666666666666665,2.0,1.6666666666666667,3.6666666666666665,1.0,1.0,experts_mean,,63c13fcab1eda5bbe034a17c,2.6666666666666665,2.3333333333333335,2.3333333333333335,2.6666666666666665,2.6666666666666665,3.3333333333333335,2.3333333333333335,4.333333333333333,3.6666666666666665,experts_mean,,hit:8290_conv:16581,5.0,5.0,5.0,experts_mean,,97keuy,e48xfwa,0.6666666666666666,0.6666666666666666,0.0,experts_mean,
20241031145619979111,3.3333333333333335,3.3333333333333335,3.0,1.0,1.0,1.0,experts_mean,,63d13d00a2e69ec8e1956a07,5.0,3.3333333333333335,3.3333333333333335,4.333333333333333,3.0,1.6666666666666667,2.0,1.0,3.3333333333333335,experts_mean,,hit:8311_conv:16622,5.0,4.333333333333333,5.0,experts_mean,,982bo3,e4d9lz8,0.6666666666666666,1.0,0.0,experts_mean,
20241031145640298594,3.3333333333333335,4.666666666666667,4.666666666666667,1.0,2.0,1.3333333333333333,experts_mean,,63d1834e69a637cd32f16634,6.0,6.0,6.0,6.0,5.333333333333333,5.333333333333333,5.666666666666667,1.0,4.666666666666667,experts_mean,,hit:8681_conv:17362,3.6666666666666665,4.666666666666667,4.666666666666667,experts_mean,,99yrsp,e4req4x,0.0,0.6666666666666666,0.0,experts_mean,
20241031145659196118,1.6666666666666667,2.3333333333333335,1.0,2.0,2.0,2.0,experts_mean,,63d455d193df3edfdfa6529f,5.333333333333333,5.0,5.0,4.333333333333333,3.6666666666666665,4.0,4.333333333333333,2.3333333333333335,3.3333333333333335,experts_mean,,hit:887_conv:1775,2.3333333333333335,4.333333333333333,4.333333333333333,experts_mean,,9t0b89,e8txotz,1.0,1.3333333333333333,0.0,experts_mean,
20241031145710438129,2.3333333333333335,4.333333333333333,1.6666666666666667,1.0,1.0,1.0,experts_mean,,63d7eca29f0291aff53b003e,4.333333333333333,4.333333333333333,4.333333333333333,4.333333333333333,4.0,4.333333333333333,4.0,3.6666666666666665,3.3333333333333335,experts_mean,,hit:8986_conv:17972,5.0,5.0,5.0,experts_mean,,9u1441,e90or0r,0.6666666666666666,1.0,1.0,experts_mean,
20241031145838989513,1.6666666666666667,2.0,1.0,3.6666666666666665,1.0,2.6666666666666665,experts_mean,,63f77fef0855adb7fa65873d,2.6666666666666665,2.6666666666666665,2.3333333333333335,3.0,2.3333333333333335,2.3333333333333335,1.6666666666666667,4.333333333333333,4.0,experts_mean,,hit:9116_conv:18233,1.6666666666666667,3.3333333333333335,5.0,experts_mean,,9v6l4y,e9a6rlo,0.0,0.0,1.3333333333333333,experts_mean,
20241031145848519908,4.0,1.0,3.3333333333333335,1.0,1.0,1.0,experts_mean,,63fb73b8e64f455117b045b9,1.6666666666666667,2.3333333333333335,1.6666666666666667,2.3333333333333335,1.6666666666666667,1.6666666666666667,1.0,6.333333333333333,5.333333333333333,experts_mean,,hit:9338_conv:18676,4.333333333333333,5.0,5.0,experts_mean,,9vo55d,e9eqspg,0.0,0.0,0.0,experts_mean,
20241031150235217462,2.0,2.6666666666666665,1.6666666666666667,4.0,2.0,2.6666666666666665,experts_mean,,6428f7ac297e312f7262d93b,4.333333333333333,4.333333333333333,4.0,4.333333333333333,4.333333333333333,4.333333333333333,4.0,3.3333333333333335,4.333333333333333,experts_mean,,hit:9349_conv:18698,4.666666666666667,5.0,5.0,experts_mean,,9y3cea,eb4ngh9,0.0,0.0,0.6666666666666666,experts_mean,
20241031150253617689,2.3333333333333335,2.0,2.6666666666666665,3.0,1.0,1.0,experts_mean,,6435d9620649d3801b71cc8b,5.0,5.333333333333333,5.333333333333333,5.333333333333333,4.666666666666667,4.333333333333333,4.666666666666667,4.333333333333333,5.0,experts_mean,,hit:965_conv:1930,1.6666666666666667,5.0,5.0,experts_mean,,a2bynd,eawx6f6,0.0,0.6666666666666666,0.0,experts_mean,
20241031150257546670,3.3333333333333335,3.6666666666666665,1.0,1.6666666666666667,1.0,1.0,experts_mean,,6455616c0fe23ecca70ce1b9,3.0,3.0,3.0,3.0,3.0,3.3333333333333335,2.3333333333333335,4.0,4.333333333333333,experts_mean,,hit:9772_conv:19545,2.3333333333333335,4.333333333333333,5.0,experts_mean,,aivw81,eer413s,0.0,1.0,0.0,experts_mean,
20241031150832963315,2.6666666666666665,2.0,1.0,3.3333333333333335,1.0,1.3333333333333333,experts_mean,,6483b3662d98a34fa389dcd7,4.666666666666667,4.666666666666667,4.333333333333333,4.333333333333333,4.666666666666667,4.333333333333333,2.6666666666666665,4.333333333333333,5.0,experts_mean,,hit:9988_conv:19976,4.333333333333333,5.0,5.0,experts_mean,,ajccfi,eeujjeh,0.0,1.0,0.0,experts_mean,
20241031124050492385,2.0,1.0,1.0,3.0,1.0,2.0,experts_mode,4.0,56e8bf5a870a8e000b4a8d6e,2.0,1.0,1.0,1.0,1.0,1.0,1.0,1.0,2.0,experts_mode,1.0,hit:10145_conv:20290,4.0,5.0,5.0,experts_mode,5.0,41g07l,cz26vua,1.0,1.0,2.0,experts_mode,2.0
20241031124638971163,2.0,1.0,1.0,2.0,5.0,1.0,experts_mode,1.0,57e7bb4e73e67300012b8e2a,1.0,1.0,1.0,1.0,1.0,1.0,1.0,3.0,3.0,experts_mode,2.0,hit:10264_conv:20529,3.0,5.0,4.0,experts_mode,5.0,43dc0h,czhnmqd,0.0,0.0,0.0,experts_mode,1.0
20241031125810052721,1.0,1.0,2.0,2.0,1.0,1.0,experts_mode,1.0,58509fbda6946500016117ed,5.0,5.0,5.0,5.0,5.0,4.0,4.0,5.0,5.0,experts_mode,4.0,hit:11090_conv:22181,4.0,5.0,4.0,experts_mode,5.0,46rnxz,d07n05c,0.0,1.0,0.0,experts_mode,1.0
20241031125849757353,3.0,3.0,4.0,4.0,1.0,2.0,experts_mode,1.0,5850d667b64b9e00017cb722,5.0,5.0,5.0,5.0,4.0,4.0,5.0,1.0,4.0,experts_mode,4.0,hit:11447_conv:22894,1.0,2.0,2.0,experts_mode,5.0,47jmki,d0djxlk,1.0,0.0,0.0,experts_mode,1.0
20241031130310482335,1.0,3.0,1.0,1.0,1.0,1.0,experts_mode,1.0,59e7477e3e4b5a00016aa4d2,1.0,1.0,1.0,1.0,1.0,2.0,1.0,3.0,2.0,experts_mode,3.0,hit:11786_conv:23572,2.0,3.0,5.0,experts_mode,5.0,4kz2qw,d3j6efd,0.0,0.0,0.0,experts_mode,2.0
20241031131104204354,1.0,2.0,1.0,2.0,1.0,3.0,experts_mode,1.0,5bcc2cee0ba8a400012592f9,3.0,3.0,3.0,4.0,2.0,2.0,2.0,2.0,3.0,experts_mode,2.0,hit:11794_conv:23589,1.0,1.0,5.0,experts_mode,4.0,4re82s,d50d07m,1.0,1.0,0.0,experts_mode,1.0
20241031141852450492,2.0,1.0,1.0,2.0,2.0,2.0,experts_mode,1.0,5bfd81fb2feab400014d9060,3.0,3.0,3.0,3.0,3.0,5.0,4.0,6.0,6.0,experts_mode,4.0,hit:12057_conv:24115,4.0,5.0,5.0,experts_mode,5.0,5o2dfv,dcg770i,1.0,0.0,2.0,experts_mode,0.0
20241031142002371691,2.0,3.0,1.0,3.0,1.0,1.0,experts_mode,1.0,5c0fcccc1f6f150001487111,3.0,3.0,2.0,2.0,1.0,2.0,2.0,2.0,4.0,experts_mode,3.0,hit:12267_conv:24535,3.0,3.0,5.0,experts_mode,5.0,5oc1v6,dcia967,0.0,0.0,0.0,experts_mode,1.0
20241031142025401692,1.0,2.0,1.0,2.0,3.0,3.0,experts_mode,2.0,5c5b9ed5cdae0e0001c1b261,5.0,1.0,1.0,5.0,1.0,1.0,3.0,1.0,2.0,experts_mode,2.0,hit:12276_conv:24553,5.0,5.0,5.0,experts_mode,5.0,5pklsj,dcs78f7,0.0,0.0,0.0,experts_mode,0.0
20241031142326744348,1.0,2.0,1.0,2.0,1.0,3.0,experts_mode,1.0,5cb489ff0cd1ed0017465d19,6.0,5.0,5.0,6.0,5.0,6.0,5.0,4.0,5.0,experts_mode,4.0,hit:1490_conv:2981,2.0,5.0,5.0,experts_mode,5.0,5udu49,ddtar8i,1.0,1.0,1.0,experts_mode,2.0
20241031142343248156,1.0,2.0,1.0,3.0,3.0,2.0,experts_mode,1.0,5d8e64ab4e055600157a3d90,5.0,5.0,3.0,3.0,4.0,4.0,4.0,5.0,5.0,experts_mode,3.0,hit:1502_conv:3005,3.0,5.0,5.0,experts_mode,5.0,5ziak3,deyb83s,1.0,0.0,0.0,experts_mode,1.0
20241031142609584451,1.0,3.0,1.0,3.0,1.0,1.0,experts_mode,1.0,5dab673188c639001080bec6,4.0,4.0,4.0,4.0,3.0,3.0,4.0,1.0,3.0,experts_mode,2.0,hit:1670_conv:3341,2.0,5.0,5.0,experts_mode,5.0,64vfny,dg5dua3,0.0,0.0,1.0,experts_mode,0.0
20241031142631374406,1.0,1.0,1.0,3.0,1.0,3.0,experts_mode,2.0,5dcf0b7cffc3d8063f916612,4.0,4.0,5.0,4.0,4.0,5.0,3.0,5.0,4.0,experts_mode,3.0,hit:2088_conv:4177,3.0,3.0,4.0,experts_mode,5.0,68qep0,dh0heoe,1.0,1.0,0.0,experts_mode,2.0
20241031142911674809,4.0,3.0,2.0,1.0,1.0,1.0,experts_mode,1.0,5e1c71e9114df8000dddf2d6,4.0,1.0,1.0,3.0,3.0,5.0,3.0,5.0,5.0,experts_mode,5.0,hit:2097_conv:4194,4.0,5.0,5.0,experts_mode,5.0,6ay35x,dhiscyo,0.0,0.0,0.0,experts_mode,1.0
20241031142922509539,2.0,2.0,1.0,2.0,1.0,2.0,experts_mode,1.0,5e84f020507cd30b367b2624,4.0,4.0,3.0,3.0,3.0,5.0,2.0,5.0,4.0,experts_mode,5.0,hit:3104_conv:6209,3.0,4.0,5.0,experts_mode,5.0,6d8bpd,di0nlb2,0.0,0.0,0.0,experts_mode,1.0
20241031142939150275,1.0,3.0,2.0,1.0,1.0,2.0,experts_mode,1.0,5ee5e3b02eebe932ee9559c5,3.0,4.0,2.0,4.0,2.0,4.0,3.0,4.0,4.0,experts_mode,4.0,hit:3379_conv:6758,3.0,5.0,5.0,experts_mode,5.0,6jy2ha,djhwgs6,1.0,0.0,0.0,experts_mode,1.0
20241031143012041613,1.0,2.0,1.0,2.0,1.0,2.0,experts_mode,1.0,5f4738bfa043201203a27b4b,5.0,5.0,5.0,5.0,3.0,4.0,5.0,2.0,4.0,experts_mode,3.0,hit:3636_conv:7272,3.0,4.0,5.0,experts_mode,5.0,6l2ex7,djr0aur,2.0,2.0,0.0,experts_mode,2.0
20241031143018571296,2.0,2.0,1.0,4.0,3.0,2.0,experts_mode,1.0,5f81ead00afba52e71dcf414,5.0,7.0,5.0,7.0,7.0,5.0,6.0,1.0,6.0,experts_mode,5.0,hit:3735_conv:7470,1.0,4.0,5.0,experts_mode,5.0,6m2aki,djzoxjg,0.0,0.0,0.0,experts_mode,1.0
20241031143028878832,1.0,1.0,1.0,5.0,1.0,5.0,experts_mode,1.0,5fc3d41149c0c8728f07b95b,4.0,4.0,4.0,3.0,4.0,5.0,5.0,5.0,5.0,experts_mode,4.0,hit:3931_conv:7863,2.0,5.0,5.0,experts_mode,5.0,71c0m3,dn9pkff,1.0,0.0,0.0,experts_mode,1.0
20241031143107374365,2.0,2.0,1.0,2.0,1.0,2.0,experts_mode,1.0,5fdfab734a329d034b0ea666,3.0,1.0,1.0,3.0,1.0,3.0,2.0,3.0,3.0,experts_mode,2.0,hit:3961_conv:7922,2.0,5.0,5.0,experts_mode,5.0,73cm60,dnpb3ft,0.0,0.0,0.0,experts_mode,1.0
20241031143420587455,2.0,2.0,1.0,2.0,1.0,1.0,experts_mode,1.0,60008e2ee4d8c913c602e0cd,4.0,4.0,3.0,4.0,3.0,4.0,4.0,5.0,5.0,experts_mode,4.0,hit:401_conv:803,3.0,4.0,3.0,experts_mode,4.0,78539v,dor647q,2.0,1.0,0.0,experts_mode,2.0
20241031143614621777,3.0,3.0,2.0,1.0,1.0,1.0,experts_mode,1.0,603fa7d057d382087d66d1c2,3.0,1.0,1.0,3.0,2.0,2.0,2.0,1.0,1.0,experts_mode,2.0,hit:4090_conv:8181,2.0,5.0,5.0,experts_mode,5.0,78chdu,doss7uo,0.0,0.0,0.0,experts_mode,1.0
20241031143623775499,1.0,2.0,1.0,3.0,2.0,2.0,experts_mode,1.0,608bfa04767191aa4d57bfd8,3.0,3.0,3.0,3.0,3.0,3.0,3.0,4.0,4.0,experts_mode,3.0,hit:4103_conv:8207,5.0,4.0,4.0,experts_mode,5.0,79ws1b,dp5j55v,0.0,0.0,0.0,experts_mode,1.0
20241031143714391442,2.0,5.0,1.0,1.0,1.0,1.0,experts_mode,1.0,609122350e5b8e743ab41f79,5.0,4.0,4.0,5.0,5.0,6.0,5.0,4.0,4.0,experts_mode,4.0,hit:4233_conv:8466,2.0,4.0,5.0,experts_mode,5.0,7bae7a,dphh2hi,0.0,2.0,0.0,experts_mode,2.0
20241031143721849193,1.0,1.0,1.0,4.0,1.0,5.0,experts_mode,4.0,60f4e3ab507bbb123f866e88,4.0,2.0,1.0,2.0,1.0,2.0,3.0,3.0,3.0,experts_mode,3.0,hit:4345_conv:8691,4.0,5.0,3.0,experts_mode,5.0,7ce4za,dpp7tc5,0.0,1.0,0.0,experts_mode,2.0
20241031143941950562,1.0,2.0,1.0,1.0,2.0,1.0,experts_mode,1.0,60fd080d5476f4a77211bafb,3.0,2.0,2.0,2.0,2.0,2.0,3.0,1.0,1.0,experts_mode,3.0,hit:4722_conv:9445,3.0,5.0,5.0,experts_mode,5.0,7f5fsf,dq9m34m,0.0,1.0,0.0,experts_mode,1.0
20241031144011171565,2.0,2.0,1.0,1.0,1.0,1.0,experts_mode,1.0,60fd462512ad2ae6071668f3,3.0,2.0,2.0,2.0,2.0,2.0,3.0,3.0,2.0,experts_mode,3.0,hit:478_conv:956,4.0,3.0,3.0,experts_mode,3.0,7faqco,dqasc1x,0.0,0.0,0.0,experts_mode,1.0
20241031144225966527,1.0,3.0,1.0,4.0,1.0,1.0,experts_mode,1.0,614e7ad7ff5a0d785d5e550a,4.0,5.0,5.0,3.0,3.0,5.0,4.0,4.0,5.0,experts_mode,3.0,hit:4844_conv:9689,4.0,5.0,5.0,experts_mode,5.0,7rmqzi,dsy41wd,1.0,0.0,0.0,experts_mode,0.0
20241031144237228364,1.0,2.0,1.0,2.0,1.0,2.0,experts_mode,1.0,629531cb501e6d23d9797050,1.0,1.0,1.0,1.0,1.0,6.0,1.0,7.0,6.0,experts_mode,4.0,hit:529_conv:1059,3.0,4.0,5.0,experts_mode,5.0,7xxfqn,duby1kh,1.0,0.0,0.0,experts_mode,1.0
20241031144350174874,2.0,3.0,1.0,2.0,3.0,1.0,experts_mode,1.0,629668d2eeced89db00b93bf,3.0,4.0,4.0,3.0,3.0,2.0,3.0,3.0,2.0,experts_mode,2.0,hit:5323_conv:10646,3.0,5.0,5.0,experts_mode,5.0,7yo4vo,duhyac3,1.0,1.0,0.0,experts_mode,1.0
20241031144401095945,1.0,1.0,1.0,2.0,1.0,4.0,experts_mode,1.0,62cbf51439a76e8fccd8a495,3.0,3.0,3.0,3.0,1.0,2.0,3.0,1.0,3.0,experts_mode,3.0,hit:5574_conv:11149,2.0,5.0,4.0,experts_mode,5.0,857ps1,dvve0kf,0.0,1.0,1.0,experts_mode,1.0
20241031144410053256,1.0,3.0,4.0,1.0,1.0,1.0,experts_mode,1.0,62e05a40c77214b0772d5596,3.0,3.0,4.0,3.0,4.0,4.0,4.0,6.0,4.0,experts_mode,3.0,hit:5579_conv:11158,5.0,5.0,5.0,experts_mode,5.0,88gtly,dwki84l,0.0,1.0,0.0,experts_mode,1.0
20241031144618187410,2.0,3.0,1.0,2.0,1.0,1.0,experts_mode,1.0,632e9aa62793c18a857aece4,5.0,5.0,4.0,5.0,3.0,5.0,4.0,1.0,4.0,experts_mode,4.0,hit:6053_conv:12106,1.0,5.0,5.0,experts_mode,5.0,88x2l7,dwnvlat,1.0,0.0,1.0,experts_mode,1.0
20241031144657019855,2.0,3.0,1.0,2.0,1.0,2.0,experts_mode,2.0,63386e75b02c4d7013c1198b,6.0,7.0,5.0,6.0,5.0,7.0,6.0,4.0,6.0,experts_mode,5.0,hit:6367_conv:12734,4.0,5.0,4.0,experts_mode,5.0,88x9zy,dwpez20,0.0,0.0,0.0,experts_mode,2.0
20241031144740239368,2.0,2.0,1.0,3.0,3.0,1.0,experts_mode,1.0,6361560a2e3e691ad312fed2,3.0,2.0,2.0,1.0,1.0,1.0,1.0,4.0,3.0,experts_mode,2.0,hit:6613_conv:13226,2.0,4.0,5.0,experts_mode,5.0,8fzl06,dy7mpoe,0.0,0.0,0.0,experts_mode,1.0
20241031144856903579,1.0,2.0,2.0,2.0,1.0,1.0,experts_mode,1.0,6387db71396bd54b2e9fcd09,3.0,2.0,2.0,2.0,2.0,2.0,3.0,3.0,2.0,experts_mode,2.0,hit:6759_conv:13519,5.0,5.0,5.0,experts_mode,5.0,8ix424,dywk9hy,1.0,1.0,2.0,experts_mode,1.0
20241031145050008738,1.0,3.0,1.0,2.0,1.0,2.0,experts_mode,2.0,638bb18e1bd657c755e5148f,4.0,3.0,3.0,4.0,4.0,5.0,4.0,6.0,6.0,experts_mode,5.0,hit:7112_conv:14224,3.0,4.0,5.0,experts_mode,5.0,8w0orm,e1ruepi,1.0,0.0,0.0,experts_mode,2.0
20241031145103738386,1.0,4.0,1.0,2.0,1.0,2.0,experts_mode,2.0,6390fd9157f0dc14e247a0d6,2.0,1.0,1.0,4.0,4.0,5.0,3.0,6.0,5.0,experts_mode,4.0,hit:7797_conv:15594,5.0,5.0,5.0,experts_mode,5.0,92z9nn,e3a2xof,0.0,1.0,2.0,experts_mode,1.0
20241031145117414259,1.0,3.0,2.0,2.0,3.0,2.0,experts_mode,1.0,639dd20ab47fd76a4fd9c2c0,4.0,4.0,5.0,5.0,4.0,4.0,4.0,3.0,5.0,experts_mode,5.0,hit:8012_conv:16024,5.0,5.0,5.0,experts_mode,5.0,96kkj0,e4173mc,1.0,0.0,1.0,experts_mode,1.0
20241031145139367719,2.0,2.0,1.0,3.0,1.0,1.0,experts_mode,1.0,63c13fcab1eda5bbe034a17c,4.0,3.0,3.0,4.0,4.0,6.0,3.0,5.0,5.0,experts_mode,3.0,hit:8290_conv:16581,5.0,5.0,5.0,experts_mode,5.0,97keuy,e48xfwa,0.0,0.0,0.0,experts_mode,1.0
20241031145619979111,4.0,4.0,1.0,1.0,1.0,1.0,experts_mode,1.0,63d13d00a2e69ec8e1956a07,5.0,2.0,2.0,3.0,1.0,1.0,2.0,1.0,4.0,experts_mode,3.0,hit:8311_conv:16622,5.0,3.0,5.0,experts_mode,5.0,982bo3,e4d9lz8,0.0,1.0,0.0,experts_mode,1.0
20241031145640298594,2.0,4.0,4.0,1.0,2.0,2.0,experts_mode,1.0,63d1834e69a637cd32f16634,6.0,6.0,6.0,6.0,4.0,4.0,5.0,1.0,4.0,experts_mode,5.0,hit:8681_conv:17362,3.0,4.0,4.0,experts_mode,5.0,99yrsp,e4req4x,0.0,0.0,0.0,experts_mode,1.0
20241031145659196118,1.0,3.0,1.0,2.0,2.0,2.0,experts_mode,2.0,63d455d193df3edfdfa6529f,6.0,5.0,5.0,3.0,1.0,4.0,5.0,1.0,4.0,experts_mode,3.0,hit:887_conv:1775,3.0,5.0,5.0,experts_mode,4.0,9t0b89,e8txotz,1.0,0.0,0.0,experts_mode,2.0
20241031145710438129,1.0,3.0,1.0,1.0,1.0,1.0,experts_mode,1.0,63d7eca29f0291aff53b003e,5.0,5.0,5.0,5.0,4.0,5.0,4.0,5.0,4.0,experts_mode,3.0,hit:8986_conv:17972,5.0,5.0,5.0,experts_mode,5.0,9u1441,e90or0r,0.0,1.0,1.0,experts_mode,1.0
20241031145838989513,1.0,2.0,1.0,3.0,1.0,4.0,experts_mode,2.0,63f77fef0855adb7fa65873d,2.0,2.0,1.0,3.0,1.0,3.0,1.0,5.0,4.0,experts_mode,4.0,hit:9116_conv:18233,1.0,4.0,5.0,experts_mode,5.0,9v6l4y,e9a6rlo,0.0,0.0,2.0,experts_mode,0.0
20241031145848519908,2.0,1.0,2.0,1.0,1.0,1.0,experts_mode,1.0,63fb73b8e64f455117b045b9,1.0,1.0,1.0,1.0,1.0,1.0,1.0,7.0,6.0,experts_mode,5.0,hit:9338_conv:18676,3.0,5.0,5.0,experts_mode,5.0,9vo55d,e9eqspg,0.0,0.0,0.0,experts_mode,0.0
20241031150235217462,2.0,2.0,1.0,4.0,2.0,2.0,experts_mode,3.0,6428f7ac297e312f7262d93b,5.0,5.0,4.0,5.0,5.0,5.0,4.0,4.0,5.0,experts_mode,4.0,hit:9349_conv:18698,4.0,5.0,5.0,experts_mode,5.0,9y3cea,eb4ngh9,0.0,0.0,0.0,experts_mode,0.0
20241031150253617689,1.0,2.0,2.0,3.0,1.0,1.0,experts_mode,1.0,6435d9620649d3801b71cc8b,5.0,6.0,6.0,6.0,4.0,5.0,6.0,3.0,5.0,experts_mode,5.0,hit:965_conv:1930,1.0,5.0,5.0,experts_mode,5.0,a2bynd,eawx6f6,0.0,0.0,0.0,experts_mode,1.0
20241031150257546670,4.0,3.0,1.0,1.0,1.0,1.0,experts_mode,1.0,6455616c0fe23ecca70ce1b9,1.0,1.0,1.0,1.0,1.0,4.0,1.0,4.0,5.0,experts_mode,4.0,hit:9772_conv:19545,1.0,5.0,5.0,experts_mode,5.0,aivw81,eer413s,0.0,1.0,0.0,experts_mode,1.0
20241031150832963315,2.0,2.0,1.0,4.0,1.0,2.0,experts_mode,1.0,6483b3662d98a34fa389dcd7,2.0,2.0,1.0,1.0,2.0,3.0,2.0,5.0,5.0,experts_mode,5.0,hit:9988_conv:19976,3.0,5.0,5.0,experts_mode,5.0,ajccfi,eeujjeh,0.0,1.0,0.0,experts_mode,1.0
